cliente 52;FLN;CNF;4 dias;4 estrelas;R$ 5236
cliente 8;RIO;FLN;3 dias;3 estrelas;R$ 4162
cliente 87;FOR;CNF;4 dias;5 estrelas;R$ 5611
cliente 34;RIO;FLN;1 dias;5 estrelas;R$ 4900
cliente 76;RIO;REC;4 dias;3 estrelas;R$ 5250
cliente 44;PMW;SAO;5 dias;5 estrelas;R$ 2679
cliente 6;SSA;SAO;2 dias;5 estrelas;R$ 1551
cliente 13;SSA;CNF;4 dias;1 estrelas;R$ 3645
cliente 71;REC;FOR;1 dias;2 estrelas;R$ 4553
cliente 25;BEL;FLN;1 dias;4 estrelas;R$ 1168
cliente 51;FLN;RIO;3 dias;5 estrelas;R$ 3420
cliente 23;POA;FOR;4 dias;2 estrelas;R$ 4408
cliente 77;SSA;REC;3 dias;1 estrelas;R$ 2893
cliente 47;FOR;POA;5 dias;4 estrelas;R$ 2240
cliente 18;SSA;CNF;1 dias;5 estrelas;R$ 3994
cliente 46;FLN;FOR;4 dias;2 estrelas;R$ 1676
cliente 18;POA;SAO;5 dias;5 estrelas;R$ 3022
cliente 48;SSA;CNF;3 dias;2 estrelas;R$ 5122
cliente 24;PMW;POA;5 dias;5 estrelas;R$ 3116
cliente 4;SSA;POA;1 dias;1 estrelas;R$ 1071
cliente 62;POA;FLN;3 dias;3 estrelas;R$ 2513
cliente 52;SSA;SAO;1 dias;2 estrelas;R$ 2897
cliente 64;SAO;POA;1 dias;4 estrelas;R$ 2596
cliente 78;SAO;CNF;5 dias;4 estrelas;R$ 2536
cliente 4;BEL;REC;1 dias;1 estrelas;R$ 5593
cliente 89;FOR;POA;4 dias;5 estrelas;R$ 5504
cliente 77;SAO;REC;2 dias;2 estrelas;R$ 5541
cliente 78;PMW;FLN;4 dias;1 estrelas;R$ 1624
cliente 26;RIO;SSA;2 dias;1 estrelas;R$ 2076
cliente 57;SSA;CNF;4 dias;3 estrelas;R$ 1031
cliente 22;PMW;SAO;3 dias;2 estrelas;R$ 2955
cliente 36;FOR;FLN;5 dias;4 estrelas;R$ 4172
cliente 6;SAO;SSA;4 dias;2 estrelas;R$ 5819
cliente 6;CNF;POA;5 dias;2 estrelas;R$ 2165
cliente 32;POA;SAO;3 dias;4 estrelas;R$ 3192
cliente 10;CNF;FLN;3 dias;2 estrelas;R$ 3716
cliente 75;FLN;PMW;1 dias;4 estrelas;R$ 1289
cliente 41;POA;SAO;5 dias;2 estrelas;R$ 4918
cliente 45;CNF;SAO;1 dias;4 estrelas;R$ 2010
cliente 65;PMW;BEL;1 dias;2 estrelas;R$ 2771
cliente 81;RIO;BEL;2 dias;2 estrelas;R$ 4075
cliente 1;RIO;BEL;3 dias;1 estrelas;R$ 5628
cliente 47;SAO;SSA;2 dias;5 estrelas;R$ 3948
cliente 79;REC;RIO;4 dias;5 estrelas;R$ 3341
cliente 39;PMW;RIO;1 dias;5 estrelas;R$ 3750
cliente 84;SAO;POA;2 dias;3 estrelas;R$ 4005
cliente 28;SAO;PMW;1 dias;5 estrelas;R$ 3189
cliente 23;CNF;FLN;1 dias;2 estrelas;R$ 3300
cliente 63;POA;BEL;2 dias;3 estrelas;R$ 3244
cliente 32;FLN;FOR;5 dias;3 estrelas;R$ 2910
cliente 28;SAO;FOR;2 dias;3 estrelas;R$ 4432
cliente 1;SSA;FOR;5 dias;2 estrelas;R$ 4284
cliente 24;POA;BEL;3 dias;1 estrelas;R$ 1306
cliente 96;SAO;RIO;3 dias;4 estrelas;R$ 1643
cliente 34;BEL;FLN;1 dias;5 estrelas;R$ 4582
cliente 14;FLN;SAO;4 dias;1 estrelas;R$ 2428
cliente 91;POA;FOR;5 dias;2 estrelas;R$ 1888
cliente 92;FLN;BEL;4 dias;4 estrelas;R$ 5432
cliente 58;FOR;CNF;5 dias;4 estrelas;R$ 2273
cliente 21;PMW;FOR;5 dias;5 estrelas;R$ 3481
cliente 56;PMW;FOR;4 dias;1 estrelas;R$ 3927
cliente 69;CNF;FOR;3 dias;1 estrelas;R$ 5397
cliente 17;REC;RIO;4 dias;1 estrelas;R$ 2674
cliente 13;SSA;REC;2 dias;2 estrelas;R$ 1536
cliente 15;CNF;REC;5 dias;1 estrelas;R$ 3298
cliente 80;RIO;FOR;5 dias;1 estrelas;R$ 3104
cliente 10;SSA;BEL;5 dias;3 estrelas;R$ 2976
cliente 75;CNF;PMW;4 dias;1 estrelas;R$ 1839
cliente 17;POA;SSA;2 dias;4 estrelas;R$ 2756
cliente 72;FOR;RIO;5 dias;3 estrelas;R$ 1241
cliente 33;FLN;SAO;4 dias;1 estrelas;R$ 5780
cliente 11;SSA;RIO;1 dias;4 estrelas;R$ 1925
cliente 81;FLN;SAO;5 dias;1 estrelas;R$ 3549
cliente 53;RIO;SAO;4 dias;1 estrelas;R$ 3769
cliente 5;RIO;FOR;5 dias;2 estrelas;R$ 5586
cliente 41;POA;SAO;2 dias;3 estrelas;R$ 1093
cliente 24;CNF;FOR;4 dias;2 estrelas;R$ 3642
cliente 72;FLN;RIO;2 dias;4 estrelas;R$ 5808
cliente 2;POA;REC;5 dias;1 estrelas;R$ 1062
cliente 40;BEL;SAO;4 dias;4 estrelas;R$ 1193
cliente 58;REC;CNF;1 dias;5 estrelas;R$ 5569
cliente 62;FLN;RIO;5 dias;2 estrelas;R$ 1246
cliente 74;CNF;FLN;1 dias;3 estrelas;R$ 3529
cliente 62;PMW;SSA;4 dias;4 estrelas;R$ 1032
cliente 87;FLN;CNF;4 dias;5 estrelas;R$ 1349
cliente 35;PMW;CNF;2 dias;1 estrelas;R$ 3779
cliente 21;CNF;POA;4 dias;5 estrelas;R$ 4411
cliente 64;SSA;RIO;4 dias;4 estrelas;R$ 3632
cliente 18;CNF;RIO;3 dias;5 estrelas;R$ 4589
cliente 1;PMW;FOR;4 dias;5 estrelas;R$ 1976
cliente 97;POA;RIO;2 dias;4 estrelas;R$ 5440
cliente 66;CNF;POA;2 dias;3 estrelas;R$ 3776
cliente 65;REC;SAO;2 dias;1 estrelas;R$ 4364
cliente 76;SAO;RIO;5 dias;4 estrelas;R$ 2085
cliente 48;FOR;POA;4 dias;5 estrelas;R$ 3523
cliente 10;BEL;RIO;2 dias;4 estrelas;R$ 4452
cliente 47;RIO;FLN;1 dias;3 estrelas;R$ 3597
cliente 70;FLN;PMW;1 dias;4 estrelas;R$ 3228
cliente 67;RIO;REC;5 dias;3 estrelas;R$ 1933
cliente 41;SSA;FLN;1 dias;2 estrelas;R$ 4648
cliente 30;REC;SSA;1 dias;5 estrelas;R$ 4562
cliente 31;SAO;FLN;1 dias;3 estrelas;R$ 1862
cliente 48;SSA;CNF;3 dias;1 estrelas;R$ 1108
cliente 83;POA;FOR;5 dias;1 estrelas;R$ 5814
cliente 73;RIO;REC;2 dias;3 estrelas;R$ 2482
cliente 80;FLN;PMW;2 dias;1 estrelas;R$ 3891
cliente 59;CNF;POA;5 dias;2 estrelas;R$ 5018
cliente 47;FOR;SAO;4 dias;2 estrelas;R$ 1809
cliente 23;SAO;PMW;1 dias;1 estrelas;R$ 2209
cliente 2;CNF;RIO;4 dias;5 estrelas;R$ 1513
cliente 78;BEL;FLN;2 dias;5 estrelas;R$ 1066
cliente 38;SAO;REC;5 dias;2 estrelas;R$ 2087
cliente 14;POA;SAO;3 dias;4 estrelas;R$ 3699
cliente 2;SSA;BEL;2 dias;2 estrelas;R$ 2045
cliente 31;POA;SAO;1 dias;1 estrelas;R$ 5858
cliente 33;PMW;RIO;4 dias;1 estrelas;R$ 3721
cliente 14;POA;PMW;4 dias;5 estrelas;R$ 1574
cliente 94;SAO;REC;3 dias;1 estrelas;R$ 3955
cliente 33;BEL;PMW;3 dias;1 estrelas;R$ 3121
cliente 71;FOR;SSA;1 dias;1 estrelas;R$ 4425
cliente 77;PMW;POA;4 dias;4 estrelas;R$ 1596
cliente 0;SSA;PMW;4 dias;4 estrelas;R$ 4092
cliente 40;PMW;REC;1 dias;3 estrelas;R$ 1034
cliente 78;SAO;REC;2 dias;5 estrelas;R$ 5492
cliente 24;RIO;FOR;1 dias;2 estrelas;R$ 3451
cliente 14;BEL;SAO;2 dias;5 estrelas;R$ 1279
cliente 38;FLN;FOR;4 dias;1 estrelas;R$ 1970
cliente 15;SSA;RIO;3 dias;3 estrelas;R$ 2873
cliente 71;CNF;RIO;4 dias;5 estrelas;R$ 3599
cliente 89;REC;BEL;1 dias;4 estrelas;R$ 3463
cliente 72;SAO;POA;1 dias;3 estrelas;R$ 5509
cliente 46;REC;FLN;5 dias;4 estrelas;R$ 2663
cliente 18;PMW;FOR;2 dias;1 estrelas;R$ 2481
cliente 39;RIO;CNF;3 dias;4 estrelas;R$ 1903
cliente 59;POA;BEL;2 dias;5 estrelas;R$ 3305
cliente 40;REC;FLN;1 dias;5 estrelas;R$ 2303
cliente 14;FLN;FOR;1 dias;4 estrelas;R$ 4760
cliente 53;REC;FLN;4 dias;2 estrelas;R$ 1354
cliente 39;SSA;FOR;5 dias;5 estrelas;R$ 2464
cliente 48;PMW;FLN;5 dias;2 estrelas;R$ 4783
cliente 31;REC;SSA;4 dias;2 estrelas;R$ 3990
cliente 5;SSA;CNF;5 dias;5 estrelas;R$ 1888
cliente 1;POA;CNF;1 dias;1 estrelas;R$ 4931
cliente 10;RIO;SSA;4 dias;3 estrelas;R$ 2081
cliente 93;POA;RIO;2 dias;3 estrelas;R$ 1510
cliente 28;SSA;REC;1 dias;5 estrelas;R$ 4613
cliente 12;SSA;FLN;2 dias;4 estrelas;R$ 3160
cliente 18;PMW;RIO;4 dias;3 estrelas;R$ 3682
cliente 41;BEL;FOR;2 dias;2 estrelas;R$ 5601
cliente 65;RIO;SAO;2 dias;4 estrelas;R$ 1932
cliente 35;REC;FLN;3 dias;2 estrelas;R$ 2423
cliente 96;RIO;FLN;5 dias;1 estrelas;R$ 4350
cliente 35;CNF;SAO;5 dias;1 estrelas;R$ 2221
cliente 83;POA;PMW;5 dias;5 estrelas;R$ 4052
cliente 22;PMW;SAO;5 dias;1 estrelas;R$ 3287
cliente 60;FLN;PMW;5 dias;5 estrelas;R$ 5038
cliente 16;SSA;PMW;1 dias;1 estrelas;R$ 2916
cliente 6;RIO;FOR;5 dias;5 estrelas;R$ 3543
cliente 64;FOR;REC;2 dias;3 estrelas;R$ 4790
cliente 50;FOR;CNF;1 dias;1 estrelas;R$ 4451
cliente 96;POA;FLN;5 dias;3 estrelas;R$ 4539
cliente 75;BEL;POA;5 dias;5 estrelas;R$ 2246
cliente 40;SAO;SSA;2 dias;5 estrelas;R$ 2383
cliente 65;SAO;RIO;3 dias;1 estrelas;R$ 3016
cliente 44;BEL;CNF;5 dias;2 estrelas;R$ 3577
cliente 18;CNF;SSA;4 dias;3 estrelas;R$ 4143
cliente 12;FLN;CNF;2 dias;5 estrelas;R$ 3765
cliente 46;FLN;SAO;4 dias;1 estrelas;R$ 5757
cliente 47;SAO;REC;3 dias;5 estrelas;R$ 5294
cliente 92;BEL;FOR;3 dias;1 estrelas;R$ 5551
cliente 9;SSA;SAO;1 dias;5 estrelas;R$ 1595
cliente 33;PMW;BEL;2 dias;3 estrelas;R$ 1919
cliente 47;RIO;REC;3 dias;4 estrelas;R$ 4385
cliente 86;REC;SAO;1 dias;1 estrelas;R$ 5486
cliente 49;FOR;SSA;4 dias;3 estrelas;R$ 3486
cliente 82;FOR;PMW;5 dias;3 estrelas;R$ 4811
cliente 96;BEL;POA;4 dias;1 estrelas;R$ 3451
cliente 57;PMW;SAO;3 dias;1 estrelas;R$ 3049
cliente 44;BEL;RIO;5 dias;1 estrelas;R$ 2974
cliente 49;SSA;FOR;1 dias;2 estrelas;R$ 2208
cliente 1;BEL;SSA;2 dias;2 estrelas;R$ 4093
cliente 28;CNF;FLN;2 dias;4 estrelas;R$ 1539
cliente 74;CNF;REC;4 dias;4 estrelas;R$ 1080
cliente 67;CNF;REC;3 dias;1 estrelas;R$ 5151
cliente 8;FOR;SSA;4 dias;2 estrelas;R$ 3944
cliente 60;REC;PMW;5 dias;2 estrelas;R$ 3891
cliente 21;PMW;REC;2 dias;5 estrelas;R$ 5348
cliente 14;POA;SAO;5 dias;4 estrelas;R$ 1712
cliente 14;SSA;FOR;3 dias;5 estrelas;R$ 5559
cliente 38;REC;FLN;5 dias;4 estrelas;R$ 3377
cliente 86;SSA;RIO;5 dias;3 estrelas;R$ 4351
cliente 84;SSA;FOR;3 dias;4 estrelas;R$ 4501
cliente 0;POA;BEL;4 dias;1 estrelas;R$ 2903
cliente 26;FLN;RIO;4 dias;3 estrelas;R$ 4353
cliente 46;SSA;POA;4 dias;2 estrelas;R$ 1406
cliente 89;POA;CNF;4 dias;1 estrelas;R$ 4843
cliente 52;FLN;BEL;2 dias;3 estrelas;R$ 1876
cliente 86;POA;SSA;3 dias;4 estrelas;R$ 3685
cliente 55;SAO;BEL;2 dias;2 estrelas;R$ 3553
cliente 9;SAO;POA;4 dias;4 estrelas;R$ 2790
cliente 63;POA;PMW;2 dias;1 estrelas;R$ 2281
cliente 45;FOR;BEL;3 dias;2 estrelas;R$ 2979
cliente 5;CNF;REC;4 dias;4 estrelas;R$ 3386
cliente 33;REC;RIO;5 dias;4 estrelas;R$ 3661
cliente 20;SSA;REC;5 dias;1 estrelas;R$ 3866
cliente 81;SAO;SSA;5 dias;5 estrelas;R$ 1916
cliente 16;REC;CNF;3 dias;3 estrelas;R$ 5280
cliente 9;RIO;PMW;5 dias;1 estrelas;R$ 1690
cliente 75;POA;BEL;5 dias;3 estrelas;R$ 4220
cliente 1;PMW;FLN;5 dias;3 estrelas;R$ 3354
cliente 97;BEL;POA;1 dias;1 estrelas;R$ 4817
cliente 5;BEL;CNF;5 dias;4 estrelas;R$ 2316
cliente 12;RIO;REC;5 dias;5 estrelas;R$ 2509
cliente 12;REC;POA;2 dias;1 estrelas;R$ 5841
cliente 63;REC;FOR;5 dias;4 estrelas;R$ 2738
cliente 36;REC;SSA;4 dias;1 estrelas;R$ 2451
cliente 22;FLN;PMW;1 dias;2 estrelas;R$ 4810
cliente 41;PMW;POA;2 dias;2 estrelas;R$ 2754
cliente 52;CNF;SAO;3 dias;4 estrelas;R$ 2503
cliente 87;SSA;REC;4 dias;4 estrelas;R$ 3956
cliente 63;REC;POA;5 dias;1 estrelas;R$ 2069
cliente 72;REC;RIO;5 dias;1 estrelas;R$ 4541
cliente 94;PMW;RIO;3 dias;5 estrelas;R$ 5170
cliente 66;FOR;SAO;3 dias;3 estrelas;R$ 3074
cliente 31;POA;RIO;2 dias;2 estrelas;R$ 5543
cliente 97;BEL;FOR;4 dias;1 estrelas;R$ 3014
cliente 44;REC;FOR;1 dias;5 estrelas;R$ 5481
cliente 26;BEL;POA;5 dias;2 estrelas;R$ 1478
cliente 39;POA;RIO;1 dias;1 estrelas;R$ 4237
cliente 11;BEL;RIO;4 dias;4 estrelas;R$ 3959
cliente 16;FLN;REC;1 dias;3 estrelas;R$ 1403
cliente 26;CNF;SSA;2 dias;5 estrelas;R$ 5639
cliente 26;RIO;POA;5 dias;4 estrelas;R$ 2463
cliente 69;SAO;PMW;2 dias;2 estrelas;R$ 4814
cliente 10;CNF;FLN;1 dias;3 estrelas;R$ 4669
cliente 11;SSA;FOR;2 dias;4 estrelas;R$ 3141
cliente 39;POA;PMW;1 dias;1 estrelas;R$ 1931
cliente 9;SSA;FOR;4 dias;4 estrelas;R$ 1118
cliente 35;PMW;REC;4 dias;4 estrelas;R$ 2540
cliente 18;FOR;BEL;4 dias;3 estrelas;R$ 4700
cliente 92;REC;FLN;4 dias;2 estrelas;R$ 4373
cliente 62;RIO;POA;5 dias;5 estrelas;R$ 5764
cliente 45;SSA;SAO;4 dias;4 estrelas;R$ 5389
cliente 84;BEL;FOR;4 dias;2 estrelas;R$ 4117
cliente 43;SAO;CNF;1 dias;1 estrelas;R$ 1715
cliente 48;FOR;PMW;2 dias;1 estrelas;R$ 1980
cliente 10;SAO;FOR;4 dias;1 estrelas;R$ 5344
cliente 59;SAO;RIO;3 dias;1 estrelas;R$ 5654
cliente 25;BEL;CNF;1 dias;2 estrelas;R$ 4020
cliente 65;PMW;POA;4 dias;1 estrelas;R$ 4538
cliente 70;FLN;POA;3 dias;4 estrelas;R$ 1916
cliente 58;SAO;PMW;2 dias;3 estrelas;R$ 3627
cliente 26;REC;RIO;3 dias;2 estrelas;R$ 5820
cliente 2;POA;SSA;1 dias;1 estrelas;R$ 2424
cliente 7;SSA;RIO;4 dias;4 estrelas;R$ 3007
cliente 97;SSA;FOR;5 dias;4 estrelas;R$ 1256
cliente 18;POA;SAO;5 dias;2 estrelas;R$ 4691
cliente 6;BEL;SSA;2 dias;5 estrelas;R$ 1955
cliente 88;POA;BEL;1 dias;2 estrelas;R$ 4777
cliente 27;SSA;POA;4 dias;1 estrelas;R$ 2445
cliente 54;SSA;BEL;3 dias;5 estrelas;R$ 4130
cliente 7;CNF;BEL;2 dias;4 estrelas;R$ 2430
cliente 4;FOR;SSA;1 dias;2 estrelas;R$ 5531
cliente 83;CNF;FOR;4 dias;2 estrelas;R$ 3159
cliente 54;FOR;SAO;3 dias;5 estrelas;R$ 3211
cliente 4;FOR;REC;3 dias;5 estrelas;R$ 3036
cliente 5;REC;BEL;5 dias;4 estrelas;R$ 2336
cliente 40;CNF;SAO;4 dias;2 estrelas;R$ 4318
cliente 14;REC;SAO;1 dias;2 estrelas;R$ 3714
cliente 55;FOR;POA;5 dias;1 estrelas;R$ 5049
cliente 6;SAO;PMW;3 dias;3 estrelas;R$ 4691
cliente 74;FOR;POA;5 dias;3 estrelas;R$ 4817
cliente 73;CNF;POA;1 dias;4 estrelas;R$ 1688
cliente 69;CNF;REC;4 dias;1 estrelas;R$ 4239
cliente 55;BEL;SSA;3 dias;3 estrelas;R$ 1501
cliente 52;PMW;BEL;4 dias;4 estrelas;R$ 4064
cliente 83;SSA;REC;1 dias;4 estrelas;R$ 1935
cliente 75;CNF;PMW;4 dias;3 estrelas;R$ 5023
cliente 52;SAO;RIO;2 dias;1 estrelas;R$ 3917
cliente 51;POA;SAO;2 dias;4 estrelas;R$ 3067
cliente 65;BEL;SSA;5 dias;1 estrelas;R$ 1156
cliente 10;RIO;BEL;3 dias;5 estrelas;R$ 4526
cliente 3;BEL;SSA;5 dias;2 estrelas;R$ 4824
cliente 73;RIO;FLN;2 dias;2 estrelas;R$ 4420
cliente 54;RIO;CNF;5 dias;5 estrelas;R$ 1388
cliente 30;SAO;FOR;3 dias;1 estrelas;R$ 5251
cliente 17;FOR;SAO;4 dias;4 estrelas;R$ 4275
cliente 61;FLN;CNF;5 dias;1 estrelas;R$ 1623
cliente 44;PMW;REC;3 dias;2 estrelas;R$ 3499
cliente 22;SSA;FLN;2 dias;3 estrelas;R$ 4887
cliente 36;REC;RIO;4 dias;1 estrelas;R$ 5148
cliente 70;REC;PMW;2 dias;3 estrelas;R$ 5578
cliente 51;PMW;BEL;2 dias;1 estrelas;R$ 4255
cliente 75;REC;CNF;5 dias;1 estrelas;R$ 5273
cliente 96;SAO;CNF;3 dias;4 estrelas;R$ 5086
cliente 24;BEL;POA;4 dias;1 estrelas;R$ 5871
cliente 33;FOR;RIO;4 dias;1 estrelas;R$ 3985
cliente 90;POA;BEL;2 dias;3 estrelas;R$ 3294
cliente 93;FOR;SAO;4 dias;3 estrelas;R$ 1143
cliente 34;RIO;SAO;1 dias;4 estrelas;R$ 2833
cliente 99;REC;CNF;1 dias;4 estrelas;R$ 1839
cliente 41;REC;RIO;3 dias;5 estrelas;R$ 2696
cliente 29;RIO;SAO;2 dias;3 estrelas;R$ 2168
cliente 70;CNF;RIO;3 dias;1 estrelas;R$ 4448
cliente 93;SAO;PMW;4 dias;2 estrelas;R$ 3197
cliente 12;CNF;FLN;3 dias;1 estrelas;R$ 2196
cliente 56;BEL;PMW;2 dias;2 estrelas;R$ 4538
cliente 77;SAO;CNF;1 dias;5 estrelas;R$ 3352
cliente 62;FOR;RIO;3 dias;5 estrelas;R$ 3949
cliente 80;RIO;SSA;1 dias;3 estrelas;R$ 2346
cliente 13;BEL;REC;5 dias;5 estrelas;R$ 5022
cliente 87;FOR;RIO;4 dias;3 estrelas;R$ 2779
cliente 38;POA;FLN;4 dias;2 estrelas;R$ 3124
cliente 65;RIO;FOR;4 dias;3 estrelas;R$ 5376
cliente 40;SSA;POA;4 dias;4 estrelas;R$ 5861
cliente 67;RIO;BEL;2 dias;1 estrelas;R$ 5572
cliente 58;REC;SSA;2 dias;1 estrelas;R$ 2312
cliente 61;FOR;REC;5 dias;3 estrelas;R$ 5827
cliente 37;REC;PMW;5 dias;5 estrelas;R$ 3226
cliente 54;CNF;SAO;1 dias;2 estrelas;R$ 4682
cliente 40;BEL;PMW;3 dias;3 estrelas;R$ 4024
cliente 95;BEL;FOR;4 dias;5 estrelas;R$ 2189
cliente 14;BEL;RIO;3 dias;1 estrelas;R$ 1763
cliente 52;SSA;PMW;4 dias;5 estrelas;R$ 3574
cliente 21;BEL;RIO;2 dias;4 estrelas;R$ 3240
cliente 6;POA;SAO;4 dias;4 estrelas;R$ 4017
cliente 34;REC;CNF;4 dias;2 estrelas;R$ 5948
cliente 50;CNF;FLN;4 dias;3 estrelas;R$ 5465
cliente 83;CNF;FLN;1 dias;4 estrelas;R$ 3263
cliente 26;FLN;POA;5 dias;2 estrelas;R$ 4498
cliente 61;FLN;SSA;3 dias;5 estrelas;R$ 4323
cliente 13;REC;SSA;1 dias;3 estrelas;R$ 1825
cliente 27;PMW;SSA;1 dias;1 estrelas;R$ 1677
cliente 25;REC;CNF;4 dias;5 estrelas;R$ 3331
cliente 37;REC;SSA;1 dias;1 estrelas;R$ 3275
cliente 17;BEL;POA;4 dias;1 estrelas;R$ 5067
cliente 61;SSA;POA;5 dias;1 estrelas;R$ 2575
cliente 50;PMW;BEL;1 dias;1 estrelas;R$ 2861
cliente 26;FLN;SAO;2 dias;4 estrelas;R$ 1543
cliente 93;REC;CNF;1 dias;3 estrelas;R$ 3106
cliente 15;PMW;POA;1 dias;2 estrelas;R$ 5895
cliente 4;FLN;BEL;3 dias;5 estrelas;R$ 4432
cliente 95;BEL;FLN;5 dias;4 estrelas;R$ 3006
cliente 13;FOR;RIO;3 dias;2 estrelas;R$ 3149
cliente 55;BEL;CNF;2 dias;4 estrelas;R$ 2057
cliente 44;BEL;FOR;3 dias;2 estrelas;R$ 1936
cliente 84;BEL;CNF;2 dias;4 estrelas;R$ 3751
cliente 33;RIO;POA;5 dias;4 estrelas;R$ 5932
cliente 54;SSA;PMW;4 dias;3 estrelas;R$ 3224
cliente 54;BEL;CNF;2 dias;3 estrelas;R$ 1626
cliente 43;RIO;SSA;5 dias;5 estrelas;R$ 5179
cliente 84;RIO;POA;2 dias;3 estrelas;R$ 4702
cliente 93;SSA;SAO;5 dias;1 estrelas;R$ 5133
cliente 52;FOR;SSA;4 dias;5 estrelas;R$ 1608
cliente 76;CNF;RIO;4 dias;3 estrelas;R$ 2005
cliente 0;POA;CNF;4 dias;1 estrelas;R$ 5542
cliente 4;FLN;SAO;2 dias;5 estrelas;R$ 4078
cliente 90;FLN;FOR;3 dias;4 estrelas;R$ 1076
cliente 7;SAO;CNF;5 dias;3 estrelas;R$ 3357
cliente 6;FOR;SSA;4 dias;4 estrelas;R$ 4234
cliente 67;POA;FLN;2 dias;5 estrelas;R$ 2130
cliente 4;CNF;FOR;4 dias;2 estrelas;R$ 2917
cliente 84;REC;CNF;4 dias;3 estrelas;R$ 4733
cliente 87;SSA;FOR;4 dias;5 estrelas;R$ 2101
cliente 78;PMW;SAO;1 dias;5 estrelas;R$ 2254
cliente 9;CNF;POA;3 dias;5 estrelas;R$ 5887
cliente 71;RIO;REC;5 dias;3 estrelas;R$ 2642
cliente 20;RIO;SSA;2 dias;1 estrelas;R$ 5587
cliente 14;SSA;REC;3 dias;5 estrelas;R$ 1590
cliente 42;SAO;RIO;1 dias;3 estrelas;R$ 5363
cliente 17;BEL;SAO;1 dias;3 estrelas;R$ 2429
cliente 96;CNF;POA;5 dias;1 estrelas;R$ 3638
cliente 20;FLN;SAO;3 dias;3 estrelas;R$ 2758
cliente 92;BEL;SSA;2 dias;5 estrelas;R$ 1550
cliente 32;FOR;POA;3 dias;2 estrelas;R$ 3934
cliente 21;REC;BEL;4 dias;3 estrelas;R$ 3044
cliente 12;POA;SAO;3 dias;4 estrelas;R$ 5655
cliente 18;CNF;PMW;1 dias;5 estrelas;R$ 3635
cliente 75;REC;BEL;4 dias;4 estrelas;R$ 2994
cliente 68;SSA;RIO;1 dias;4 estrelas;R$ 1124
cliente 59;PMW;FLN;4 dias;4 estrelas;R$ 5164
cliente 79;FLN;POA;3 dias;1 estrelas;R$ 4463
cliente 17;FOR;SAO;5 dias;3 estrelas;R$ 4853
cliente 90;CNF;SSA;1 dias;5 estrelas;R$ 2310
cliente 58;REC;RIO;3 dias;2 estrelas;R$ 2327
cliente 45;SSA;RIO;3 dias;1 estrelas;R$ 2447
cliente 10;REC;BEL;5 dias;3 estrelas;R$ 1626
cliente 22;BEL;CNF;4 dias;4 estrelas;R$ 3825
cliente 86;BEL;POA;1 dias;2 estrelas;R$ 5098
cliente 38;CNF;SSA;1 dias;4 estrelas;R$ 1553
cliente 67;PMW;RIO;4 dias;5 estrelas;R$ 4333
cliente 26;FOR;CNF;2 dias;3 estrelas;R$ 4071
cliente 93;FOR;FLN;3 dias;3 estrelas;R$ 5135
cliente 46;POA;RIO;3 dias;1 estrelas;R$ 1505
cliente 33;RIO;PMW;5 dias;1 estrelas;R$ 5772
cliente 32;PMW;REC;1 dias;5 estrelas;R$ 5355
cliente 50;RIO;CNF;3 dias;3 estrelas;R$ 5441
cliente 56;SSA;RIO;3 dias;4 estrelas;R$ 2376
cliente 39;FOR;BEL;2 dias;3 estrelas;R$ 1560
cliente 76;RIO;SAO;3 dias;3 estrelas;R$ 4944
cliente 54;SSA;REC;2 dias;3 estrelas;R$ 4919
cliente 43;POA;SAO;1 dias;4 estrelas;R$ 5695
cliente 5;PMW;BEL;3 dias;2 estrelas;R$ 5811
cliente 66;BEL;SAO;5 dias;4 estrelas;R$ 1872
cliente 65;POA;PMW;5 dias;3 estrelas;R$ 3801
cliente 7;SSA;SAO;2 dias;2 estrelas;R$ 5500
cliente 42;SAO;PMW;5 dias;2 estrelas;R$ 1807
cliente 9;SAO;POA;3 dias;2 estrelas;R$ 3800
cliente 97;POA;SAO;2 dias;5 estrelas;R$ 5701
cliente 26;CNF;PMW;5 dias;2 estrelas;R$ 4827
cliente 88;SSA;POA;4 dias;3 estrelas;R$ 2923
cliente 31;REC;POA;5 dias;1 estrelas;R$ 2237
cliente 80;BEL;POA;1 dias;4 estrelas;R$ 4980
cliente 79;SSA;PMW;1 dias;5 estrelas;R$ 4594
cliente 6;BEL;RIO;2 dias;1 estrelas;R$ 5819
cliente 22;SAO;BEL;3 dias;5 estrelas;R$ 4043
cliente 50;FOR;BEL;4 dias;1 estrelas;R$ 4605
cliente 34;REC;BEL;2 dias;2 estrelas;R$ 3770
cliente 25;POA;SAO;1 dias;2 estrelas;R$ 5728
cliente 40;FLN;CNF;4 dias;2 estrelas;R$ 2424
cliente 44;RIO;POA;4 dias;2 estrelas;R$ 5803
cliente 87;FLN;SAO;3 dias;1 estrelas;R$ 5709
cliente 92;RIO;FOR;2 dias;3 estrelas;R$ 3236
cliente 8;FLN;CNF;1 dias;4 estrelas;R$ 2235
cliente 64;BEL;PMW;5 dias;1 estrelas;R$ 4882
cliente 40;BEL;SAO;3 dias;5 estrelas;R$ 3440
cliente 94;FLN;PMW;5 dias;3 estrelas;R$ 3729
cliente 1;SAO;CNF;1 dias;5 estrelas;R$ 5869
cliente 96;FLN;CNF;4 dias;5 estrelas;R$ 2617
cliente 34;CNF;RIO;4 dias;2 estrelas;R$ 5184
cliente 48;BEL;REC;1 dias;1 estrelas;R$ 5788
cliente 33;CNF;PMW;3 dias;5 estrelas;R$ 1300
cliente 15;FOR;RIO;2 dias;4 estrelas;R$ 4535
cliente 90;FLN;REC;5 dias;1 estrelas;R$ 1199
cliente 72;SSA;BEL;4 dias;3 estrelas;R$ 1172
cliente 21;PMW;POA;4 dias;2 estrelas;R$ 5983
cliente 9;REC;SSA;3 dias;3 estrelas;R$ 1722
cliente 79;FOR;PMW;3 dias;1 estrelas;R$ 4042
cliente 73;POA;CNF;3 dias;4 estrelas;R$ 5631
cliente 46;SSA;POA;4 dias;3 estrelas;R$ 2731
cliente 63;REC;RIO;5 dias;5 estrelas;R$ 1612
cliente 82;CNF;FOR;4 dias;4 estrelas;R$ 2822
cliente 84;FLN;SSA;1 dias;5 estrelas;R$ 5719
cliente 48;PMW;FLN;1 dias;2 estrelas;R$ 5118
cliente 2;FOR;PMW;4 dias;5 estrelas;R$ 2196
cliente 7;RIO;SAO;1 dias;2 estrelas;R$ 1054
cliente 27;CNF;FLN;2 dias;5 estrelas;R$ 5807
cliente 79;FOR;RIO;1 dias;1 estrelas;R$ 3504
cliente 78;PMW;FLN;3 dias;5 estrelas;R$ 2299
cliente 52;FLN;RIO;1 dias;4 estrelas;R$ 1254
cliente 44;BEL;FLN;2 dias;3 estrelas;R$ 2076
cliente 53;SAO;SSA;5 dias;2 estrelas;R$ 2201
cliente 63;FOR;FLN;5 dias;1 estrelas;R$ 2654
cliente 40;PMW;BEL;4 dias;5 estrelas;R$ 4655
cliente 86;REC;SAO;3 dias;1 estrelas;R$ 4803
cliente 3;POA;SSA;2 dias;1 estrelas;R$ 3706
cliente 52;FOR;SSA;2 dias;1 estrelas;R$ 5170
cliente 87;CNF;REC;4 dias;3 estrelas;R$ 1491
cliente 75;PMW;SSA;2 dias;1 estrelas;R$ 2303
cliente 16;RIO;PMW;2 dias;2 estrelas;R$ 4800
cliente 40;CNF;RIO;4 dias;5 estrelas;R$ 5360
cliente 97;FLN;POA;4 dias;3 estrelas;R$ 2682
cliente 86;POA;FLN;4 dias;4 estrelas;R$ 1530
cliente 19;BEL;SSA;2 dias;1 estrelas;R$ 4494
cliente 3;RIO;PMW;4 dias;3 estrelas;R$ 4985
cliente 19;SSA;REC;4 dias;2 estrelas;R$ 2799
cliente 9;FOR;POA;4 dias;3 estrelas;R$ 3239
cliente 26;SAO;POA;2 dias;2 estrelas;R$ 2677
cliente 92;RIO;SSA;3 dias;3 estrelas;R$ 3533
cliente 5;FLN;CNF;3 dias;2 estrelas;R$ 1759
cliente 60;POA;RIO;3 dias;4 estrelas;R$ 4831
cliente 15;FLN;POA;5 dias;1 estrelas;R$ 3103
cliente 57;FLN;SAO;1 dias;4 estrelas;R$ 4578
cliente 36;SAO;RIO;5 dias;2 estrelas;R$ 1738
cliente 88;PMW;REC;2 dias;4 estrelas;R$ 4908
cliente 88;CNF;SAO;5 dias;1 estrelas;R$ 4897
cliente 77;FOR;SSA;5 dias;5 estrelas;R$ 4628
cliente 14;SSA;FLN;1 dias;3 estrelas;R$ 1768
cliente 98;SAO;PMW;5 dias;3 estrelas;R$ 4842
cliente 39;SSA;POA;5 dias;4 estrelas;R$ 3036
cliente 67;SSA;SAO;4 dias;4 estrelas;R$ 5831
cliente 62;REC;SSA;1 dias;4 estrelas;R$ 2265
cliente 6;SAO;FLN;3 dias;1 estrelas;R$ 3689
cliente 23;RIO;CNF;3 dias;2 estrelas;R$ 2990
cliente 5;FLN;PMW;3 dias;2 estrelas;R$ 1337
cliente 27;CNF;BEL;1 dias;2 estrelas;R$ 3366
cliente 40;BEL;SAO;3 dias;2 estrelas;R$ 3307
cliente 81;RIO;CNF;1 dias;5 estrelas;R$ 2725
cliente 2;SSA;CNF;1 dias;5 estrelas;R$ 1305
cliente 95;SSA;FLN;3 dias;3 estrelas;R$ 2555
cliente 28;SSA;FOR;5 dias;5 estrelas;R$ 2321
cliente 88;POA;BEL;4 dias;1 estrelas;R$ 3256
cliente 7;SSA;SAO;4 dias;5 estrelas;R$ 1650
cliente 33;CNF;SAO;3 dias;4 estrelas;R$ 1779
cliente 38;FLN;REC;4 dias;5 estrelas;R$ 5779
cliente 59;FOR;REC;2 dias;3 estrelas;R$ 3767
cliente 48;CNF;PMW;3 dias;3 estrelas;R$ 4456
cliente 81;SAO;FOR;4 dias;1 estrelas;R$ 4814
cliente 64;POA;REC;2 dias;1 estrelas;R$ 3028
cliente 54;SSA;PMW;5 dias;4 estrelas;R$ 1755
cliente 16;SSA;PMW;5 dias;5 estrelas;R$ 4564
cliente 67;POA;CNF;5 dias;2 estrelas;R$ 2839
cliente 31;CNF;POA;4 dias;1 estrelas;R$ 1063
cliente 20;POA;CNF;4 dias;1 estrelas;R$ 4826
cliente 58;FLN;SSA;1 dias;4 estrelas;R$ 5283
cliente 44;REC;RIO;3 dias;4 estrelas;R$ 3185
cliente 35;PMW;CNF;1 dias;4 estrelas;R$ 1313
cliente 33;RIO;PMW;4 dias;4 estrelas;R$ 4926
cliente 15;SSA;CNF;2 dias;1 estrelas;R$ 5021
cliente 69;REC;SSA;4 dias;4 estrelas;R$ 1718
cliente 91;REC;PMW;3 dias;1 estrelas;R$ 1348
cliente 15;POA;FOR;5 dias;5 estrelas;R$ 1581
cliente 33;CNF;PMW;5 dias;1 estrelas;R$ 2963
cliente 33;RIO;SAO;2 dias;3 estrelas;R$ 5113
cliente 37;SAO;POA;5 dias;2 estrelas;R$ 2218
cliente 92;SAO;FOR;5 dias;2 estrelas;R$ 2817
cliente 59;BEL;PMW;4 dias;1 estrelas;R$ 1015
cliente 60;PMW;FOR;4 dias;5 estrelas;R$ 3312
cliente 2;FLN;RIO;1 dias;1 estrelas;R$ 3197
cliente 44;CNF;REC;1 dias;4 estrelas;R$ 5282
cliente 56;CNF;PMW;2 dias;1 estrelas;R$ 5512
cliente 21;CNF;SAO;4 dias;2 estrelas;R$ 1815
cliente 21;CNF;SAO;1 dias;1 estrelas;R$ 3911
cliente 16;FOR;SSA;3 dias;5 estrelas;R$ 2979
cliente 39;SAO;FOR;4 dias;4 estrelas;R$ 2767
cliente 69;POA;SAO;2 dias;4 estrelas;R$ 5863
cliente 20;SAO;FLN;5 dias;4 estrelas;R$ 2898
cliente 91;REC;SAO;2 dias;3 estrelas;R$ 1242
cliente 89;SAO;POA;4 dias;4 estrelas;R$ 4716
cliente 87;PMW;REC;5 dias;3 estrelas;R$ 1026
cliente 35;CNF;FOR;1 dias;3 estrelas;R$ 1250
cliente 18;REC;BEL;3 dias;2 estrelas;R$ 2485
cliente 18;FOR;POA;1 dias;5 estrelas;R$ 4634
cliente 18;FLN;SAO;2 dias;1 estrelas;R$ 3498
cliente 84;REC;FLN;4 dias;2 estrelas;R$ 4633
cliente 3;POA;FOR;1 dias;2 estrelas;R$ 4947
cliente 13;CNF;POA;2 dias;1 estrelas;R$ 5090
cliente 29;CNF;FLN;4 dias;4 estrelas;R$ 2202
cliente 23;CNF;REC;1 dias;5 estrelas;R$ 1047
cliente 7;FOR;CNF;5 dias;4 estrelas;R$ 2137
cliente 12;PMW;POA;1 dias;3 estrelas;R$ 4317
cliente 34;SAO;SSA;2 dias;3 estrelas;R$ 2174
cliente 27;REC;POA;5 dias;1 estrelas;R$ 2158
cliente 40;POA;FOR;1 dias;2 estrelas;R$ 5298
cliente 6;PMW;SAO;3 dias;5 estrelas;R$ 5629
cliente 47;SSA;FOR;3 dias;2 estrelas;R$ 3354
cliente 12;CNF;REC;1 dias;2 estrelas;R$ 1832
cliente 14;CNF;BEL;3 dias;3 estrelas;R$ 1288
cliente 55;BEL;FOR;3 dias;2 estrelas;R$ 2112
cliente 33;RIO;SSA;3 dias;5 estrelas;R$ 3778
cliente 37;REC;SSA;4 dias;2 estrelas;R$ 1057
cliente 1;POA;FLN;2 dias;2 estrelas;R$ 5314
cliente 29;SAO;PMW;3 dias;4 estrelas;R$ 1861
cliente 20;SSA;SAO;1 dias;4 estrelas;R$ 3518
cliente 89;REC;FOR;2 dias;2 estrelas;R$ 2532
cliente 33;FLN;BEL;1 dias;4 estrelas;R$ 1093
cliente 52;FOR;FLN;4 dias;1 estrelas;R$ 1754
cliente 66;RIO;SSA;5 dias;4 estrelas;R$ 5539
cliente 93;SAO;RIO;5 dias;3 estrelas;R$ 1988
cliente 50;FLN;POA;3 dias;3 estrelas;R$ 4130
cliente 53;BEL;REC;1 dias;4 estrelas;R$ 5600
cliente 46;CNF;RIO;5 dias;3 estrelas;R$ 4799
cliente 10;REC;FLN;2 dias;4 estrelas;R$ 3137
cliente 30;RIO;CNF;5 dias;1 estrelas;R$ 2838
cliente 92;FLN;CNF;1 dias;2 estrelas;R$ 5653
cliente 4;SAO;RIO;2 dias;5 estrelas;R$ 3378
cliente 26;RIO;POA;2 dias;3 estrelas;R$ 1819
cliente 66;CNF;FLN;3 dias;4 estrelas;R$ 3987
cliente 72;BEL;POA;3 dias;5 estrelas;R$ 2355
cliente 41;SAO;SSA;4 dias;2 estrelas;R$ 5224
cliente 29;REC;POA;1 dias;3 estrelas;R$ 4809
cliente 96;SSA;RIO;5 dias;5 estrelas;R$ 2067
cliente 9;POA;RIO;2 dias;3 estrelas;R$ 2259
cliente 2;POA;SAO;1 dias;4 estrelas;R$ 1731
cliente 43;CNF;FLN;5 dias;5 estrelas;R$ 1684
cliente 11;SSA;CNF;4 dias;4 estrelas;R$ 1863
cliente 33;SAO;PMW;4 dias;2 estrelas;R$ 5070
cliente 31;FOR;CNF;3 dias;5 estrelas;R$ 5339
cliente 61;PMW;BEL;2 dias;4 estrelas;R$ 3259
cliente 14;PMW;CNF;1 dias;5 estrelas;R$ 2257
cliente 40;FOR;BEL;4 dias;5 estrelas;R$ 1964
cliente 98;SAO;FOR;5 dias;4 estrelas;R$ 2906
cliente 99;RIO;PMW;4 dias;2 estrelas;R$ 2469
cliente 10;POA;PMW;1 dias;1 estrelas;R$ 3731
cliente 82;SAO;FLN;2 dias;3 estrelas;R$ 1803
cliente 0;SSA;REC;4 dias;4 estrelas;R$ 1324
cliente 26;PMW;REC;3 dias;4 estrelas;R$ 1568
cliente 97;BEL;RIO;1 dias;3 estrelas;R$ 3339
cliente 17;REC;SAO;4 dias;5 estrelas;R$ 2740
cliente 60;CNF;RIO;4 dias;1 estrelas;R$ 4772
cliente 5;FOR;FLN;1 dias;2 estrelas;R$ 2607
cliente 50;CNF;REC;1 dias;3 estrelas;R$ 3342
cliente 0;BEL;POA;4 dias;2 estrelas;R$ 4942
cliente 36;PMW;POA;1 dias;2 estrelas;R$ 4791
cliente 65;REC;SSA;3 dias;2 estrelas;R$ 3311
cliente 47;RIO;CNF;2 dias;5 estrelas;R$ 5621
cliente 64;CNF;REC;3 dias;5 estrelas;R$ 4691
cliente 0;FLN;SAO;5 dias;1 estrelas;R$ 4956
cliente 81;SAO;FLN;1 dias;3 estrelas;R$ 2809
cliente 92;FLN;REC;3 dias;4 estrelas;R$ 4635
cliente 18;PMW;POA;1 dias;4 estrelas;R$ 4773
cliente 6;POA;PMW;1 dias;4 estrelas;R$ 4936
cliente 46;SAO;RIO;5 dias;1 estrelas;R$ 4544
cliente 44;CNF;BEL;2 dias;5 estrelas;R$ 4329
cliente 64;PMW;POA;4 dias;3 estrelas;R$ 4097
cliente 25;RIO;POA;1 dias;3 estrelas;R$ 5718
cliente 75;RIO;SAO;4 dias;3 estrelas;R$ 2669
cliente 10;REC;BEL;2 dias;4 estrelas;R$ 5187
cliente 40;CNF;FOR;4 dias;1 estrelas;R$ 4589
cliente 13;SAO;POA;5 dias;1 estrelas;R$ 3788
cliente 38;SSA;POA;1 dias;5 estrelas;R$ 5549
cliente 78;CNF;BEL;5 dias;5 estrelas;R$ 2176
cliente 71;POA;REC;5 dias;1 estrelas;R$ 2307
cliente 34;SSA;PMW;3 dias;1 estrelas;R$ 1755
cliente 18;POA;FOR;3 dias;5 estrelas;R$ 3341
cliente 58;FLN;PMW;2 dias;3 estrelas;R$ 2193
cliente 98;BEL;RIO;4 dias;3 estrelas;R$ 1235
cliente 84;POA;PMW;2 dias;1 estrelas;R$ 1162
cliente 75;FLN;RIO;3 dias;5 estrelas;R$ 2957
cliente 26;FOR;FLN;5 dias;1 estrelas;R$ 3111
cliente 80;CNF;POA;1 dias;5 estrelas;R$ 3036
cliente 30;RIO;REC;2 dias;4 estrelas;R$ 3013
cliente 66;CNF;FLN;1 dias;2 estrelas;R$ 1670
cliente 14;PMW;FLN;4 dias;1 estrelas;R$ 4320
cliente 56;PMW;SAO;1 dias;4 estrelas;R$ 1883
cliente 80;SAO;SSA;5 dias;5 estrelas;R$ 3066
cliente 69;REC;SSA;4 dias;2 estrelas;R$ 4261
cliente 51;PMW;POA;3 dias;3 estrelas;R$ 2593
cliente 19;REC;PMW;5 dias;2 estrelas;R$ 2172
cliente 62;SAO;SSA;5 dias;5 estrelas;R$ 4310
cliente 97;SSA;SAO;5 dias;3 estrelas;R$ 5830
cliente 82;POA;FOR;3 dias;5 estrelas;R$ 2018
cliente 24;FOR;SAO;4 dias;1 estrelas;R$ 2045
cliente 38;BEL;RIO;4 dias;1 estrelas;R$ 3388
cliente 54;SSA;SAO;1 dias;3 estrelas;R$ 5658
cliente 17;FLN;POA;5 dias;5 estrelas;R$ 3278
cliente 26;CNF;RIO;1 dias;4 estrelas;R$ 2126
cliente 65;RIO;POA;3 dias;1 estrelas;R$ 1655
cliente 57;BEL;CNF;1 dias;3 estrelas;R$ 1449
cliente 28;BEL;SAO;2 dias;3 estrelas;R$ 1625
cliente 21;FOR;PMW;1 dias;3 estrelas;R$ 1156
cliente 77;BEL;REC;1 dias;3 estrelas;R$ 1315
cliente 43;SSA;REC;1 dias;2 estrelas;R$ 3561
cliente 96;REC;CNF;1 dias;3 estrelas;R$ 4337
cliente 33;RIO;SAO;5 dias;5 estrelas;R$ 3386
cliente 22;CNF;FLN;5 dias;3 estrelas;R$ 5216
cliente 3;POA;SSA;1 dias;1 estrelas;R$ 1078
cliente 0;SSA;FOR;2 dias;5 estrelas;R$ 5583
cliente 89;POA;RIO;5 dias;1 estrelas;R$ 5471
cliente 92;SSA;CNF;4 dias;5 estrelas;R$ 1991
cliente 80;BEL;REC;3 dias;3 estrelas;R$ 1201
cliente 9;REC;SAO;2 dias;3 estrelas;R$ 5246
cliente 58;RIO;PMW;5 dias;1 estrelas;R$ 5209
cliente 80;BEL;REC;3 dias;1 estrelas;R$ 2126
cliente 4;SSA;REC;3 dias;2 estrelas;R$ 1956
cliente 35;SSA;PMW;3 dias;5 estrelas;R$ 4606
cliente 92;REC;SAO;4 dias;4 estrelas;R$ 4639
cliente 6;FLN;SSA;2 dias;3 estrelas;R$ 1237
cliente 16;POA;FLN;1 dias;2 estrelas;R$ 2652
cliente 69;POA;REC;2 dias;5 estrelas;R$ 3684
cliente 33;SSA;SAO;5 dias;1 estrelas;R$ 1580
cliente 94;FOR;RIO;5 dias;4 estrelas;R$ 4184
cliente 29;BEL;PMW;1 dias;1 estrelas;R$ 4088
cliente 51;RIO;CNF;3 dias;1 estrelas;R$ 3218
cliente 82;SAO;CNF;4 dias;4 estrelas;R$ 5800
cliente 13;BEL;FOR;2 dias;4 estrelas;R$ 2861
cliente 53;SAO;PMW;1 dias;1 estrelas;R$ 2301
cliente 76;POA;REC;3 dias;3 estrelas;R$ 3822
cliente 23;SSA;REC;2 dias;1 estrelas;R$ 4882
cliente 8;POA;RIO;5 dias;1 estrelas;R$ 4268
cliente 84;SSA;FLN;5 dias;5 estrelas;R$ 4346
cliente 64;BEL;PMW;1 dias;1 estrelas;R$ 2085
cliente 15;PMW;FLN;2 dias;3 estrelas;R$ 4508
cliente 9;REC;FLN;1 dias;4 estrelas;R$ 4514
cliente 52;FOR;BEL;4 dias;3 estrelas;R$ 5910
cliente 51;FOR;PMW;3 dias;3 estrelas;R$ 5355
cliente 25;FOR;BEL;1 dias;3 estrelas;R$ 4725
cliente 32;FLN;SSA;2 dias;5 estrelas;R$ 5465
cliente 66;SSA;POA;4 dias;2 estrelas;R$ 5698
cliente 42;FLN;CNF;5 dias;5 estrelas;R$ 2276
cliente 88;REC;RIO;3 dias;5 estrelas;R$ 1534
cliente 23;FLN;SSA;2 dias;3 estrelas;R$ 4200
cliente 83;FLN;RIO;2 dias;5 estrelas;R$ 1244
cliente 1;SAO;FLN;4 dias;4 estrelas;R$ 2204
cliente 69;BEL;RIO;5 dias;5 estrelas;R$ 3411
cliente 73;REC;BEL;1 dias;5 estrelas;R$ 3720
cliente 32;REC;BEL;5 dias;4 estrelas;R$ 1503
cliente 69;POA;FLN;2 dias;3 estrelas;R$ 5121
cliente 25;RIO;BEL;5 dias;2 estrelas;R$ 4946
cliente 23;PMW;CNF;3 dias;5 estrelas;R$ 4355
cliente 62;RIO;SSA;1 dias;2 estrelas;R$ 3788
cliente 65;FLN;SAO;2 dias;3 estrelas;R$ 3266
cliente 2;FOR;REC;5 dias;2 estrelas;R$ 4932
cliente 24;FOR;SAO;2 dias;4 estrelas;R$ 5598
cliente 6;FLN;BEL;2 dias;1 estrelas;R$ 1552
cliente 63;RIO;SSA;1 dias;2 estrelas;R$ 4924
cliente 82;FOR;PMW;2 dias;4 estrelas;R$ 2522
cliente 14;FOR;REC;4 dias;4 estrelas;R$ 3835
cliente 18;FOR;REC;5 dias;2 estrelas;R$ 1772
cliente 83;FOR;SAO;2 dias;2 estrelas;R$ 2017
cliente 91;POA;REC;5 dias;2 estrelas;R$ 3722
cliente 4;BEL;FOR;3 dias;4 estrelas;R$ 2965
cliente 9;FOR;PMW;3 dias;2 estrelas;R$ 4372
cliente 36;PMW;FOR;4 dias;3 estrelas;R$ 5758
cliente 5;POA;REC;3 dias;1 estrelas;R$ 5443
cliente 83;FLN;SAO;3 dias;1 estrelas;R$ 1488
cliente 42;FLN;PMW;4 dias;4 estrelas;R$ 1399
cliente 92;POA;RIO;1 dias;5 estrelas;R$ 4569
cliente 99;SAO;FLN;2 dias;4 estrelas;R$ 2376
cliente 1;SSA;REC;1 dias;2 estrelas;R$ 1419
cliente 17;REC;RIO;4 dias;1 estrelas;R$ 1490
cliente 22;FLN;PMW;1 dias;1 estrelas;R$ 4406
cliente 87;RIO;POA;5 dias;3 estrelas;R$ 4643
cliente 92;SAO;BEL;5 dias;4 estrelas;R$ 2609
cliente 5;POA;BEL;4 dias;4 estrelas;R$ 2603
cliente 97;SAO;FLN;4 dias;2 estrelas;R$ 2743
cliente 41;SSA;CNF;4 dias;5 estrelas;R$ 1005
cliente 1;BEL;SSA;4 dias;4 estrelas;R$ 2193
cliente 41;SSA;FOR;3 dias;4 estrelas;R$ 1928
cliente 9;POA;SSA;4 dias;4 estrelas;R$ 3807
cliente 71;FLN;CNF;2 dias;1 estrelas;R$ 3850
cliente 88;REC;SAO;2 dias;4 estrelas;R$ 2268
cliente 73;POA;SSA;2 dias;3 estrelas;R$ 2166
cliente 65;FOR;RIO;1 dias;4 estrelas;R$ 3973
cliente 0;CNF;POA;5 dias;3 estrelas;R$ 5389
cliente 61;REC;CNF;1 dias;2 estrelas;R$ 3598
cliente 90;REC;RIO;2 dias;4 estrelas;R$ 3967
cliente 63;FLN;RIO;3 dias;2 estrelas;R$ 2531
cliente 89;POA;PMW;3 dias;2 estrelas;R$ 3165
cliente 10;BEL;CNF;4 dias;2 estrelas;R$ 1790
cliente 5;SSA;FOR;5 dias;2 estrelas;R$ 2360
cliente 83;BEL;POA;4 dias;4 estrelas;R$ 4537
cliente 10;CNF;RIO;3 dias;4 estrelas;R$ 3125
cliente 46;FLN;REC;2 dias;3 estrelas;R$ 3250
cliente 60;POA;SSA;3 dias;5 estrelas;R$ 5624
cliente 66;REC;PMW;2 dias;2 estrelas;R$ 2602
cliente 74;CNF;FLN;4 dias;5 estrelas;R$ 3586
cliente 27;SAO;REC;5 dias;1 estrelas;R$ 3739
cliente 63;CNF;REC;5 dias;1 estrelas;R$ 2384
cliente 81;FLN;SAO;5 dias;5 estrelas;R$ 4205
cliente 49;CNF;REC;4 dias;4 estrelas;R$ 5986
cliente 46;SAO;RIO;1 dias;4 estrelas;R$ 4468
cliente 24;CNF;BEL;3 dias;1 estrelas;R$ 1916
cliente 46;POA;RIO;1 dias;2 estrelas;R$ 2016
cliente 35;BEL;FLN;2 dias;2 estrelas;R$ 5052
cliente 31;SAO;BEL;5 dias;3 estrelas;R$ 4577
cliente 94;SAO;CNF;4 dias;2 estrelas;R$ 3497
cliente 20;FOR;RIO;1 dias;1 estrelas;R$ 3823
cliente 15;POA;BEL;1 dias;5 estrelas;R$ 3997
cliente 39;SSA;BEL;2 dias;5 estrelas;R$ 4235
cliente 25;SSA;POA;5 dias;2 estrelas;R$ 5005
cliente 54;BEL;PMW;5 dias;2 estrelas;R$ 2737
cliente 0;PMW;CNF;4 dias;1 estrelas;R$ 1051
cliente 26;POA;CNF;1 dias;2 estrelas;R$ 4747
cliente 39;FLN;FOR;3 dias;1 estrelas;R$ 1142
cliente 68;RIO;REC;2 dias;4 estrelas;R$ 1366
cliente 91;RIO;BEL;3 dias;2 estrelas;R$ 3878
cliente 28;CNF;PMW;5 dias;5 estrelas;R$ 4567
cliente 33;SAO;BEL;2 dias;2 estrelas;R$ 2292
cliente 96;SAO;POA;5 dias;2 estrelas;R$ 1476
cliente 50;PMW;CNF;5 dias;4 estrelas;R$ 2942
cliente 5;POA;BEL;3 dias;4 estrelas;R$ 3535
cliente 79;BEL;FOR;2 dias;5 estrelas;R$ 3742
cliente 95;REC;SSA;2 dias;3 estrelas;R$ 2655
cliente 98;CNF;PMW;5 dias;3 estrelas;R$ 5474
cliente 50;FOR;REC;1 dias;1 estrelas;R$ 1493
cliente 70;FOR;POA;3 dias;1 estrelas;R$ 5147
cliente 85;REC;SAO;4 dias;5 estrelas;R$ 2382
cliente 68;BEL;REC;3 dias;4 estrelas;R$ 3498
cliente 22;SAO;CNF;5 dias;1 estrelas;R$ 3826
cliente 46;BEL;RIO;3 dias;2 estrelas;R$ 3045
cliente 13;SSA;CNF;2 dias;1 estrelas;R$ 2702
cliente 23;BEL;REC;5 dias;1 estrelas;R$ 1229
cliente 39;SSA;FOR;2 dias;3 estrelas;R$ 4070
cliente 23;FLN;PMW;5 dias;2 estrelas;R$ 2767
cliente 78;FOR;CNF;3 dias;5 estrelas;R$ 2090
cliente 94;SAO;BEL;3 dias;1 estrelas;R$ 2504
cliente 24;RIO;POA;4 dias;5 estrelas;R$ 1953
cliente 25;FOR;FLN;2 dias;1 estrelas;R$ 1533
cliente 25;FLN;SSA;2 dias;2 estrelas;R$ 2488
cliente 68;CNF;SSA;4 dias;5 estrelas;R$ 2522
cliente 50;FOR;RIO;1 dias;1 estrelas;R$ 4872
cliente 16;REC;FLN;3 dias;4 estrelas;R$ 5906
cliente 33;REC;FLN;3 dias;2 estrelas;R$ 3139
cliente 57;SAO;RIO;3 dias;1 estrelas;R$ 1265
cliente 3;RIO;BEL;5 dias;2 estrelas;R$ 2125
cliente 41;SAO;REC;4 dias;4 estrelas;R$ 2275
cliente 84;PMW;REC;5 dias;4 estrelas;R$ 5779
cliente 27;BEL;REC;3 dias;1 estrelas;R$ 3528
cliente 91;FOR;RIO;2 dias;2 estrelas;R$ 5843
cliente 7;SSA;BEL;4 dias;4 estrelas;R$ 3161
cliente 55;FOR;PMW;3 dias;1 estrelas;R$ 3847
cliente 56;SAO;FLN;3 dias;4 estrelas;R$ 4534
cliente 35;FLN;CNF;1 dias;5 estrelas;R$ 4388
cliente 51;SSA;CNF;1 dias;5 estrelas;R$ 4982
cliente 77;SSA;FLN;4 dias;4 estrelas;R$ 1724
cliente 71;REC;POA;2 dias;3 estrelas;R$ 1453
cliente 4;RIO;POA;4 dias;4 estrelas;R$ 5296
cliente 11;SSA;POA;3 dias;2 estrelas;R$ 4846
cliente 19;SAO;RIO;3 dias;4 estrelas;R$ 4014
cliente 70;CNF;BEL;4 dias;5 estrelas;R$ 2899
cliente 71;SAO;FOR;4 dias;3 estrelas;R$ 4605
cliente 22;POA;BEL;4 dias;2 estrelas;R$ 3736
cliente 80;BEL;REC;5 dias;4 estrelas;R$ 5379
cliente 11;REC;FLN;2 dias;2 estrelas;R$ 3628
cliente 58;CNF;PMW;1 dias;2 estrelas;R$ 4875
cliente 60;FOR;RIO;1 dias;5 estrelas;R$ 3780
cliente 0;PMW;FOR;1 dias;1 estrelas;R$ 2258
cliente 28;BEL;REC;4 dias;5 estrelas;R$ 1101
cliente 3;BEL;POA;5 dias;4 estrelas;R$ 1909
cliente 15;BEL;FLN;4 dias;1 estrelas;R$ 4326
cliente 21;PMW;POA;4 dias;2 estrelas;R$ 2770
cliente 32;FLN;CNF;5 dias;2 estrelas;R$ 2616
cliente 53;SSA;CNF;5 dias;4 estrelas;R$ 5310
cliente 26;SAO;POA;5 dias;3 estrelas;R$ 2393
cliente 66;PMW;CNF;3 dias;2 estrelas;R$ 1396
cliente 3;POA;RIO;1 dias;5 estrelas;R$ 2401
cliente 35;FLN;BEL;4 dias;1 estrelas;R$ 1018
cliente 73;BEL;PMW;3 dias;2 estrelas;R$ 5022
cliente 52;SAO;FLN;5 dias;4 estrelas;R$ 2227
cliente 14;SSA;CNF;1 dias;2 estrelas;R$ 4201
cliente 52;FLN;CNF;2 dias;3 estrelas;R$ 5565
cliente 35;RIO;CNF;2 dias;3 estrelas;R$ 3530
cliente 95;RIO;POA;3 dias;5 estrelas;R$ 1887
cliente 81;FLN;SAO;2 dias;5 estrelas;R$ 5511
cliente 77;RIO;FLN;3 dias;5 estrelas;R$ 5818
cliente 24;CNF;FLN;4 dias;2 estrelas;R$ 5527
cliente 35;REC;RIO;4 dias;2 estrelas;R$ 1538
cliente 23;PMW;SAO;2 dias;2 estrelas;R$ 3339
cliente 48;BEL;SSA;5 dias;1 estrelas;R$ 2938
cliente 80;SAO;FOR;5 dias;1 estrelas;R$ 4102
cliente 43;FOR;SAO;3 dias;1 estrelas;R$ 3735
cliente 98;RIO;FOR;5 dias;5 estrelas;R$ 1136
cliente 9;FOR;REC;2 dias;1 estrelas;R$ 5065
cliente 18;RIO;SAO;3 dias;4 estrelas;R$ 3707
cliente 0;CNF;SAO;3 dias;3 estrelas;R$ 5795
cliente 30;SSA;PMW;2 dias;3 estrelas;R$ 1435
cliente 18;CNF;FOR;2 dias;2 estrelas;R$ 2255
cliente 63;CNF;FLN;4 dias;4 estrelas;R$ 2424
cliente 70;SSA;FLN;5 dias;3 estrelas;R$ 1801
cliente 28;PMW;BEL;2 dias;4 estrelas;R$ 1736
cliente 47;RIO;BEL;2 dias;1 estrelas;R$ 4382
cliente 49;BEL;CNF;4 dias;4 estrelas;R$ 5015
cliente 53;FLN;FOR;4 dias;3 estrelas;R$ 3330
cliente 24;POA;FOR;1 dias;3 estrelas;R$ 1574
cliente 57;SSA;CNF;2 dias;4 estrelas;R$ 4188
cliente 15;FLN;CNF;1 dias;3 estrelas;R$ 1091
cliente 32;POA;FLN;4 dias;4 estrelas;R$ 4558
cliente 92;BEL;PMW;1 dias;2 estrelas;R$ 2359
cliente 47;SSA;SAO;4 dias;3 estrelas;R$ 3667
cliente 49;PMW;SSA;5 dias;1 estrelas;R$ 2947
cliente 56;RIO;SSA;3 dias;5 estrelas;R$ 5257
cliente 63;SSA;SAO;2 dias;3 estrelas;R$ 1116
cliente 66;SSA;CNF;3 dias;4 estrelas;R$ 5104
cliente 96;SAO;REC;2 dias;4 estrelas;R$ 5513
cliente 35;BEL;REC;2 dias;5 estrelas;R$ 2438
cliente 32;PMW;SSA;2 dias;3 estrelas;R$ 2136
cliente 88;POA;REC;5 dias;5 estrelas;R$ 5654
cliente 20;SSA;BEL;4 dias;1 estrelas;R$ 3929
cliente 65;POA;REC;5 dias;5 estrelas;R$ 4577
cliente 50;POA;FOR;2 dias;4 estrelas;R$ 4599
cliente 12;PMW;SSA;1 dias;2 estrelas;R$ 1971
cliente 92;FOR;PMW;4 dias;4 estrelas;R$ 5364
cliente 69;SAO;CNF;5 dias;5 estrelas;R$ 5557
cliente 74;SSA;PMW;4 dias;2 estrelas;R$ 4310
cliente 62;SSA;CNF;5 dias;1 estrelas;R$ 3865
cliente 12;SAO;PMW;4 dias;1 estrelas;R$ 1287
cliente 63;PMW;REC;3 dias;5 estrelas;R$ 4332
cliente 0;RIO;SSA;1 dias;2 estrelas;R$ 4825
cliente 21;PMW;REC;5 dias;3 estrelas;R$ 5674
cliente 60;REC;PMW;1 dias;2 estrelas;R$ 3533
cliente 91;FLN;POA;5 dias;1 estrelas;R$ 3870
cliente 70;PMW;FOR;3 dias;2 estrelas;R$ 3649
cliente 52;BEL;FOR;4 dias;5 estrelas;R$ 1658
cliente 78;SAO;PMW;5 dias;3 estrelas;R$ 4312
cliente 98;CNF;RIO;5 dias;1 estrelas;R$ 2250
cliente 76;RIO;BEL;3 dias;1 estrelas;R$ 1387
cliente 11;RIO;CNF;4 dias;5 estrelas;R$ 3458
cliente 74;PMW;FOR;5 dias;2 estrelas;R$ 3139
cliente 48;PMW;FLN;2 dias;1 estrelas;R$ 5549
cliente 5;FLN;REC;2 dias;1 estrelas;R$ 1228
cliente 39;SAO;RIO;5 dias;4 estrelas;R$ 3533
cliente 17;FLN;FOR;3 dias;4 estrelas;R$ 3152
cliente 54;SAO;BEL;4 dias;2 estrelas;R$ 1426
cliente 67;BEL;RIO;1 dias;3 estrelas;R$ 4890
cliente 40;REC;FOR;1 dias;3 estrelas;R$ 1417
cliente 24;CNF;POA;1 dias;1 estrelas;R$ 4977
cliente 7;SAO;POA;1 dias;3 estrelas;R$ 2840
cliente 9;CNF;SSA;4 dias;2 estrelas;R$ 1680
cliente 37;SAO;FOR;1 dias;5 estrelas;R$ 5071
cliente 86;FOR;PMW;5 dias;1 estrelas;R$ 5879
cliente 28;CNF;REC;2 dias;4 estrelas;R$ 5705
cliente 70;RIO;REC;1 dias;4 estrelas;R$ 5411
cliente 96;REC;PMW;2 dias;2 estrelas;R$ 2142
cliente 29;SAO;POA;5 dias;1 estrelas;R$ 5250
cliente 19;POA;REC;4 dias;3 estrelas;R$ 5429
cliente 48;POA;SSA;5 dias;1 estrelas;R$ 5405
cliente 97;SSA;POA;1 dias;5 estrelas;R$ 5734
cliente 24;PMW;POA;2 dias;5 estrelas;R$ 3951
cliente 87;BEL;POA;1 dias;2 estrelas;R$ 5525
cliente 86;CNF;FOR;3 dias;2 estrelas;R$ 3082
cliente 31;REC;PMW;5 dias;3 estrelas;R$ 1915
cliente 36;BEL;SAO;4 dias;1 estrelas;R$ 3114
cliente 17;CNF;FOR;5 dias;2 estrelas;R$ 3758
cliente 41;FLN;CNF;2 dias;3 estrelas;R$ 1521
cliente 76;BEL;SAO;2 dias;1 estrelas;R$ 5424
cliente 63;BEL;POA;5 dias;1 estrelas;R$ 5426
cliente 19;RIO;SSA;4 dias;2 estrelas;R$ 2061
cliente 47;FOR;RIO;3 dias;4 estrelas;R$ 1522
cliente 75;REC;SAO;2 dias;1 estrelas;R$ 5606
cliente 96;PMW;CNF;4 dias;5 estrelas;R$ 3330
cliente 21;BEL;POA;5 dias;2 estrelas;R$ 5474
cliente 45;SAO;CNF;1 dias;1 estrelas;R$ 5680
cliente 64;FLN;RIO;4 dias;3 estrelas;R$ 5030
cliente 41;SSA;SAO;4 dias;2 estrelas;R$ 5603
cliente 10;BEL;FLN;4 dias;3 estrelas;R$ 3979
cliente 19;FLN;SSA;3 dias;4 estrelas;R$ 5257
cliente 83;RIO;PMW;4 dias;3 estrelas;R$ 5587
cliente 58;CNF;REC;1 dias;4 estrelas;R$ 5118
cliente 68;SAO;POA;4 dias;3 estrelas;R$ 1238
cliente 8;PMW;FLN;5 dias;2 estrelas;R$ 1624
cliente 66;CNF;FLN;3 dias;2 estrelas;R$ 3045
cliente 2;SAO;PMW;4 dias;4 estrelas;R$ 1744
cliente 48;CNF;PMW;1 dias;4 estrelas;R$ 1561
cliente 72;REC;FLN;1 dias;5 estrelas;R$ 4508
cliente 51;FOR;POA;4 dias;4 estrelas;R$ 2120
cliente 67;CNF;SSA;1 dias;1 estrelas;R$ 4497
cliente 55;CNF;BEL;4 dias;5 estrelas;R$ 3366
cliente 3;FLN;SAO;4 dias;5 estrelas;R$ 2379
cliente 82;FOR;BEL;2 dias;3 estrelas;R$ 3421
cliente 5;POA;REC;2 dias;2 estrelas;R$ 3761
cliente 42;FLN;CNF;1 dias;4 estrelas;R$ 5115
cliente 36;PMW;BEL;1 dias;3 estrelas;R$ 2054
cliente 3;SSA;REC;5 dias;5 estrelas;R$ 3443
cliente 18;REC;CNF;2 dias;2 estrelas;R$ 5772
cliente 25;RIO;SSA;3 dias;2 estrelas;R$ 2520
cliente 49;BEL;RIO;4 dias;3 estrelas;R$ 3953
cliente 26;FOR;BEL;5 dias;2 estrelas;R$ 4262
cliente 74;FOR;REC;1 dias;4 estrelas;R$ 3623
cliente 71;SAO;RIO;2 dias;4 estrelas;R$ 3394
cliente 41;BEL;CNF;1 dias;4 estrelas;R$ 5089
cliente 99;SAO;PMW;2 dias;2 estrelas;R$ 3101
cliente 66;CNF;SSA;5 dias;1 estrelas;R$ 4440
cliente 53;FLN;BEL;3 dias;2 estrelas;R$ 1270
cliente 85;FLN;RIO;3 dias;1 estrelas;R$ 1282
cliente 11;SAO;SSA;2 dias;5 estrelas;R$ 4705
cliente 15;BEL;SAO;5 dias;1 estrelas;R$ 1670
cliente 81;PMW;SSA;1 dias;1 estrelas;R$ 1646
cliente 42;FLN;RIO;2 dias;3 estrelas;R$ 1062
cliente 89;PMW;CNF;5 dias;1 estrelas;R$ 2291
cliente 24;BEL;PMW;5 dias;4 estrelas;R$ 4666
cliente 54;RIO;REC;3 dias;3 estrelas;R$ 2060
cliente 18;BEL;FLN;3 dias;2 estrelas;R$ 4682
cliente 4;CNF;PMW;2 dias;3 estrelas;R$ 1383
cliente 9;FOR;PMW;1 dias;3 estrelas;R$ 5223
cliente 72;CNF;PMW;4 dias;2 estrelas;R$ 5326
cliente 69;REC;BEL;2 dias;1 estrelas;R$ 4415
cliente 61;PMW;REC;5 dias;2 estrelas;R$ 5796
cliente 60;PMW;REC;1 dias;3 estrelas;R$ 5331
cliente 83;BEL;REC;1 dias;4 estrelas;R$ 2856
cliente 48;POA;SAO;1 dias;3 estrelas;R$ 2970
cliente 55;PMW;BEL;2 dias;4 estrelas;R$ 3496
cliente 36;SSA;RIO;5 dias;3 estrelas;R$ 5601
cliente 4;BEL;POA;1 dias;4 estrelas;R$ 3336
cliente 14;SAO;POA;4 dias;5 estrelas;R$ 5326
cliente 51;FOR;SAO;3 dias;2 estrelas;R$ 5801
cliente 5;PMW;BEL;5 dias;1 estrelas;R$ 1636
cliente 38;SAO;REC;5 dias;2 estrelas;R$ 4915
cliente 82;SSA;SAO;1 dias;3 estrelas;R$ 1016
cliente 84;SAO;PMW;4 dias;1 estrelas;R$ 5942
cliente 46;FOR;PMW;4 dias;5 estrelas;R$ 2169
cliente 71;REC;FOR;5 dias;1 estrelas;R$ 4928
cliente 95;SAO;REC;5 dias;4 estrelas;R$ 2211
cliente 19;SAO;CNF;2 dias;3 estrelas;R$ 1821
cliente 36;REC;SAO;3 dias;2 estrelas;R$ 1890
cliente 58;CNF;POA;1 dias;3 estrelas;R$ 5119
cliente 80;RIO;REC;2 dias;5 estrelas;R$ 5693
cliente 80;RIO;POA;5 dias;5 estrelas;R$ 4260
cliente 14;RIO;PMW;1 dias;1 estrelas;R$ 1795
cliente 97;SSA;POA;4 dias;2 estrelas;R$ 4715
cliente 75;REC;SAO;1 dias;5 estrelas;R$ 1282
cliente 71;SSA;CNF;2 dias;3 estrelas;R$ 1698
cliente 34;FOR;CNF;3 dias;4 estrelas;R$ 5850
cliente 16;FLN;SAO;1 dias;4 estrelas;R$ 5087
cliente 13;SSA;FLN;1 dias;3 estrelas;R$ 5033
cliente 44;SSA;POA;3 dias;2 estrelas;R$ 4335
cliente 18;CNF;RIO;2 dias;2 estrelas;R$ 5790
cliente 49;FLN;CNF;3 dias;1 estrelas;R$ 3956
cliente 39;RIO;BEL;4 dias;5 estrelas;R$ 2237
cliente 39;SAO;POA;2 dias;3 estrelas;R$ 4624
cliente 14;POA;FLN;2 dias;1 estrelas;R$ 4825
cliente 80;SSA;CNF;4 dias;4 estrelas;R$ 5604
cliente 90;SSA;PMW;4 dias;2 estrelas;R$ 1381
cliente 40;POA;FLN;5 dias;3 estrelas;R$ 5115
cliente 61;BEL;POA;5 dias;1 estrelas;R$ 4785
cliente 71;POA;RIO;3 dias;1 estrelas;R$ 2065
cliente 95;REC;POA;1 dias;2 estrelas;R$ 5807
cliente 96;SAO;CNF;4 dias;1 estrelas;R$ 3137
cliente 69;RIO;SSA;1 dias;2 estrelas;R$ 4154
cliente 82;REC;FLN;3 dias;5 estrelas;R$ 5324
