cliente 0;REC;SAO;3 dias;3 estrelas;R$ 4431
cliente 26;SSA;PMW;1 dias;2 estrelas;R$ 2606
cliente 27;SSA;FLN;2 dias;2 estrelas;R$ 5462
cliente 40;FOR;SSA;3 dias;4 estrelas;R$ 4049
cliente 67;BEL;FLN;4 dias;4 estrelas;R$ 3326
cliente 3;SAO;FLN;4 dias;5 estrelas;R$ 3114
cliente 62;REC;RIO;3 dias;5 estrelas;R$ 4181
cliente 60;POA;SAO;1 dias;4 estrelas;R$ 5648
cliente 22;BEL;FOR;3 dias;1 estrelas;R$ 3613
cliente 65;POA;RIO;4 dias;5 estrelas;R$ 4727
cliente 13;CNF;FLN;4 dias;1 estrelas;R$ 2712
cliente 17;PMW;SAO;4 dias;4 estrelas;R$ 3746
cliente 20;FOR;RIO;2 dias;3 estrelas;R$ 1963
cliente 87;FLN;FOR;2 dias;1 estrelas;R$ 2771
cliente 45;SSA;BEL;3 dias;4 estrelas;R$ 1457
cliente 44;FLN;BEL;4 dias;5 estrelas;R$ 1257
cliente 64;FOR;FLN;3 dias;5 estrelas;R$ 2155
cliente 87;SSA;FLN;4 dias;3 estrelas;R$ 4038
cliente 15;CNF;FOR;5 dias;4 estrelas;R$ 2538
cliente 28;CNF;BEL;2 dias;2 estrelas;R$ 4306
cliente 81;BEL;CNF;3 dias;2 estrelas;R$ 2218
cliente 50;FOR;FLN;2 dias;4 estrelas;R$ 2286
cliente 33;PMW;FOR;3 dias;4 estrelas;R$ 1874
cliente 34;PMW;SSA;2 dias;2 estrelas;R$ 5355
cliente 93;RIO;BEL;5 dias;5 estrelas;R$ 1487
cliente 15;SAO;CNF;4 dias;2 estrelas;R$ 2501
cliente 61;SSA;CNF;1 dias;1 estrelas;R$ 3539
cliente 76;FOR;POA;4 dias;4 estrelas;R$ 3185
cliente 7;PMW;REC;4 dias;3 estrelas;R$ 2044
cliente 54;POA;REC;2 dias;4 estrelas;R$ 3034
cliente 66;RIO;FLN;5 dias;5 estrelas;R$ 4742
cliente 74;BEL;CNF;4 dias;3 estrelas;R$ 3001
cliente 18;SSA;FOR;1 dias;5 estrelas;R$ 3499
cliente 92;CNF;POA;4 dias;1 estrelas;R$ 2200
cliente 71;REC;BEL;2 dias;1 estrelas;R$ 4464
cliente 82;FLN;SSA;2 dias;4 estrelas;R$ 5885
cliente 52;FLN;PMW;5 dias;5 estrelas;R$ 4743
cliente 66;CNF;FLN;2 dias;5 estrelas;R$ 5443
cliente 23;SAO;REC;3 dias;2 estrelas;R$ 1728
cliente 87;FOR;CNF;4 dias;3 estrelas;R$ 2662
cliente 82;SAO;PMW;1 dias;2 estrelas;R$ 3636
cliente 95;RIO;POA;1 dias;4 estrelas;R$ 3695
cliente 47;BEL;SSA;2 dias;2 estrelas;R$ 1791
cliente 62;REC;PMW;4 dias;3 estrelas;R$ 3458
cliente 39;REC;RIO;3 dias;5 estrelas;R$ 4650
cliente 83;FLN;RIO;5 dias;2 estrelas;R$ 3214
cliente 47;SAO;REC;3 dias;1 estrelas;R$ 2228
cliente 97;CNF;REC;4 dias;5 estrelas;R$ 5232
cliente 69;FOR;BEL;5 dias;4 estrelas;R$ 3844
cliente 57;SAO;CNF;3 dias;1 estrelas;R$ 3868
cliente 27;FOR;PMW;5 dias;5 estrelas;R$ 1052
cliente 93;BEL;REC;4 dias;2 estrelas;R$ 3127
cliente 88;BEL;FLN;2 dias;1 estrelas;R$ 5741
cliente 77;RIO;REC;3 dias;3 estrelas;R$ 1891
cliente 33;PMW;SSA;5 dias;1 estrelas;R$ 3634
cliente 30;CNF;SSA;5 dias;5 estrelas;R$ 3232
cliente 3;FOR;CNF;4 dias;5 estrelas;R$ 5818
cliente 10;BEL;RIO;1 dias;4 estrelas;R$ 3627
cliente 58;REC;SAO;2 dias;2 estrelas;R$ 2495
cliente 28;SSA;PMW;3 dias;3 estrelas;R$ 3886
cliente 41;SSA;REC;1 dias;1 estrelas;R$ 5333
cliente 66;POA;FLN;5 dias;5 estrelas;R$ 5220
cliente 28;CNF;SAO;1 dias;5 estrelas;R$ 3183
cliente 96;FOR;BEL;2 dias;2 estrelas;R$ 2609
cliente 87;BEL;SAO;2 dias;3 estrelas;R$ 3442
cliente 64;POA;PMW;4 dias;1 estrelas;R$ 2534
cliente 47;FLN;RIO;1 dias;5 estrelas;R$ 4818
cliente 63;FOR;BEL;1 dias;5 estrelas;R$ 4731
cliente 78;BEL;SSA;4 dias;4 estrelas;R$ 3644
cliente 57;SSA;FLN;3 dias;4 estrelas;R$ 3682
cliente 17;CNF;SSA;4 dias;3 estrelas;R$ 4327
cliente 41;POA;PMW;2 dias;4 estrelas;R$ 5140
cliente 69;REC;SAO;1 dias;4 estrelas;R$ 4766
cliente 62;SAO;REC;2 dias;5 estrelas;R$ 3857
cliente 57;RIO;SSA;4 dias;4 estrelas;R$ 2072
cliente 16;CNF;SSA;3 dias;5 estrelas;R$ 5994
cliente 89;CNF;REC;4 dias;5 estrelas;R$ 3151
cliente 24;BEL;SAO;2 dias;4 estrelas;R$ 4075
cliente 30;PMW;FOR;2 dias;4 estrelas;R$ 1734
cliente 17;CNF;BEL;4 dias;1 estrelas;R$ 1053
cliente 85;FOR;FLN;1 dias;5 estrelas;R$ 4296
cliente 98;POA;FOR;2 dias;1 estrelas;R$ 4715
cliente 86;SSA;BEL;2 dias;5 estrelas;R$ 3063
cliente 41;CNF;POA;2 dias;1 estrelas;R$ 5999
cliente 86;CNF;FLN;5 dias;1 estrelas;R$ 5651
cliente 75;PMW;CNF;4 dias;3 estrelas;R$ 2460
cliente 71;SAO;SSA;4 dias;2 estrelas;R$ 3448
cliente 4;PMW;BEL;3 dias;4 estrelas;R$ 3652
cliente 79;REC;FLN;3 dias;1 estrelas;R$ 2606
cliente 24;RIO;FLN;5 dias;3 estrelas;R$ 3423
cliente 61;RIO;PMW;2 dias;1 estrelas;R$ 1881
cliente 58;CNF;SSA;3 dias;4 estrelas;R$ 4789
cliente 48;PMW;FOR;3 dias;5 estrelas;R$ 4628
cliente 24;POA;SAO;1 dias;1 estrelas;R$ 4834
cliente 31;REC;FLN;4 dias;4 estrelas;R$ 4187
cliente 4;SAO;CNF;4 dias;4 estrelas;R$ 5574
cliente 2;SAO;FLN;4 dias;4 estrelas;R$ 5240
cliente 24;RIO;POA;5 dias;5 estrelas;R$ 5025
cliente 63;RIO;FLN;3 dias;4 estrelas;R$ 5939
cliente 5;SSA;POA;5 dias;5 estrelas;R$ 5186
cliente 81;REC;FOR;5 dias;4 estrelas;R$ 5349
cliente 75;FOR;FLN;5 dias;1 estrelas;R$ 5328
cliente 52;RIO;BEL;2 dias;4 estrelas;R$ 4555
cliente 26;BEL;POA;1 dias;3 estrelas;R$ 3728
cliente 5;SAO;BEL;4 dias;2 estrelas;R$ 1025
cliente 35;REC;SSA;2 dias;4 estrelas;R$ 4364
cliente 50;RIO;FOR;1 dias;2 estrelas;R$ 1412
cliente 30;FOR;BEL;2 dias;5 estrelas;R$ 1236
cliente 86;CNF;REC;1 dias;3 estrelas;R$ 1202
cliente 68;POA;REC;3 dias;2 estrelas;R$ 5308
cliente 46;FLN;CNF;2 dias;2 estrelas;R$ 4632
cliente 28;REC;RIO;5 dias;5 estrelas;R$ 1891
cliente 10;SSA;REC;1 dias;1 estrelas;R$ 1011
cliente 6;CNF;PMW;2 dias;4 estrelas;R$ 3370
cliente 25;CNF;SAO;3 dias;5 estrelas;R$ 5062
cliente 52;FOR;POA;1 dias;5 estrelas;R$ 2176
cliente 56;SSA;RIO;5 dias;1 estrelas;R$ 4756
cliente 10;BEL;RIO;4 dias;4 estrelas;R$ 5815
cliente 32;REC;FLN;4 dias;3 estrelas;R$ 2794
cliente 71;REC;PMW;3 dias;2 estrelas;R$ 5597
cliente 20;SSA;REC;2 dias;2 estrelas;R$ 5289
cliente 44;CNF;SSA;4 dias;4 estrelas;R$ 2061
cliente 72;REC;POA;4 dias;1 estrelas;R$ 5679
cliente 6;FOR;PMW;1 dias;1 estrelas;R$ 3732
cliente 97;SAO;POA;1 dias;4 estrelas;R$ 3562
cliente 65;PMW;REC;2 dias;1 estrelas;R$ 3568
cliente 64;FOR;FLN;2 dias;5 estrelas;R$ 1966
cliente 80;PMW;REC;4 dias;1 estrelas;R$ 2594
cliente 45;BEL;SSA;2 dias;3 estrelas;R$ 5879
cliente 85;SSA;FLN;4 dias;2 estrelas;R$ 3466
cliente 11;POA;PMW;2 dias;5 estrelas;R$ 1842
cliente 84;FLN;CNF;3 dias;2 estrelas;R$ 2929
cliente 38;FOR;RIO;3 dias;1 estrelas;R$ 4478
cliente 80;SSA;RIO;1 dias;4 estrelas;R$ 5378
cliente 61;REC;RIO;4 dias;1 estrelas;R$ 4168
cliente 50;POA;BEL;4 dias;5 estrelas;R$ 4819
cliente 36;BEL;CNF;4 dias;1 estrelas;R$ 5778
cliente 92;POA;REC;3 dias;2 estrelas;R$ 5555
cliente 58;FOR;SAO;2 dias;5 estrelas;R$ 2424
cliente 23;RIO;FLN;3 dias;2 estrelas;R$ 5340
cliente 84;RIO;SAO;5 dias;4 estrelas;R$ 4920
cliente 87;BEL;POA;5 dias;3 estrelas;R$ 4665
cliente 24;BEL;REC;5 dias;2 estrelas;R$ 1559
cliente 51;PMW;FLN;2 dias;1 estrelas;R$ 5292
cliente 81;BEL;FOR;4 dias;2 estrelas;R$ 3104
cliente 7;RIO;CNF;2 dias;5 estrelas;R$ 3149
cliente 90;CNF;FOR;5 dias;2 estrelas;R$ 1296
cliente 98;POA;REC;2 dias;4 estrelas;R$ 2708
cliente 66;REC;RIO;3 dias;2 estrelas;R$ 3655
cliente 30;SAO;REC;3 dias;5 estrelas;R$ 4966
cliente 56;POA;SSA;3 dias;1 estrelas;R$ 2328
cliente 93;POA;SAO;5 dias;3 estrelas;R$ 4016
cliente 22;BEL;SAO;3 dias;4 estrelas;R$ 4803
cliente 91;BEL;SAO;2 dias;4 estrelas;R$ 3913
cliente 69;RIO;CNF;2 dias;2 estrelas;R$ 4624
cliente 67;PMW;POA;2 dias;5 estrelas;R$ 2945
cliente 57;RIO;FOR;3 dias;2 estrelas;R$ 1139
cliente 54;BEL;FOR;2 dias;5 estrelas;R$ 1991
cliente 52;RIO;FOR;2 dias;3 estrelas;R$ 3436
cliente 29;SAO;PMW;4 dias;1 estrelas;R$ 2244
cliente 15;SSA;CNF;3 dias;4 estrelas;R$ 1535
cliente 35;SAO;RIO;2 dias;5 estrelas;R$ 2201
cliente 79;FLN;RIO;1 dias;4 estrelas;R$ 4252
cliente 77;REC;CNF;5 dias;3 estrelas;R$ 5115
cliente 32;FLN;SSA;2 dias;5 estrelas;R$ 1335
cliente 87;FLN;SAO;3 dias;4 estrelas;R$ 5403
cliente 77;POA;BEL;2 dias;1 estrelas;R$ 5048
cliente 87;POA;FLN;3 dias;4 estrelas;R$ 4813
cliente 80;CNF;FLN;2 dias;4 estrelas;R$ 4161
cliente 13;POA;RIO;2 dias;2 estrelas;R$ 5577
cliente 78;RIO;POA;4 dias;2 estrelas;R$ 4437
cliente 7;REC;BEL;1 dias;5 estrelas;R$ 2850
cliente 82;RIO;FOR;2 dias;2 estrelas;R$ 3180
cliente 14;SSA;RIO;1 dias;5 estrelas;R$ 2971
cliente 1;RIO;PMW;5 dias;2 estrelas;R$ 2737
cliente 47;PMW;POA;5 dias;5 estrelas;R$ 5709
cliente 99;FLN;POA;3 dias;4 estrelas;R$ 3265
cliente 78;POA;FOR;3 dias;3 estrelas;R$ 1427
cliente 56;FLN;RIO;5 dias;1 estrelas;R$ 2263
cliente 42;BEL;PMW;5 dias;3 estrelas;R$ 5527
cliente 78;RIO;REC;1 dias;3 estrelas;R$ 5202
cliente 55;CNF;BEL;5 dias;5 estrelas;R$ 5182
cliente 19;SAO;SSA;2 dias;3 estrelas;R$ 4127
cliente 65;PMW;REC;4 dias;2 estrelas;R$ 2174
cliente 23;FOR;BEL;4 dias;4 estrelas;R$ 4603
cliente 82;POA;SSA;4 dias;4 estrelas;R$ 3753
cliente 16;FLN;PMW;4 dias;2 estrelas;R$ 5176
cliente 98;BEL;REC;2 dias;4 estrelas;R$ 3466
cliente 94;BEL;FOR;2 dias;2 estrelas;R$ 4968
cliente 95;SAO;CNF;2 dias;5 estrelas;R$ 2285
cliente 11;RIO;SAO;3 dias;1 estrelas;R$ 4735
cliente 53;SSA;REC;4 dias;1 estrelas;R$ 4484
cliente 4;CNF;PMW;1 dias;2 estrelas;R$ 3746
cliente 64;SAO;POA;1 dias;3 estrelas;R$ 5684
cliente 58;POA;FOR;4 dias;4 estrelas;R$ 5518
cliente 2;POA;REC;4 dias;3 estrelas;R$ 1102
cliente 48;BEL;CNF;1 dias;2 estrelas;R$ 2083
cliente 11;POA;SSA;4 dias;4 estrelas;R$ 3954
cliente 84;FOR;RIO;3 dias;4 estrelas;R$ 3710
cliente 15;BEL;CNF;5 dias;2 estrelas;R$ 5983
cliente 13;FLN;BEL;2 dias;4 estrelas;R$ 3309
cliente 95;FOR;PMW;3 dias;2 estrelas;R$ 2245
cliente 73;CNF;FOR;1 dias;2 estrelas;R$ 3917
cliente 41;SAO;FLN;2 dias;2 estrelas;R$ 4436
cliente 41;SSA;BEL;2 dias;3 estrelas;R$ 2576
cliente 84;BEL;SSA;2 dias;1 estrelas;R$ 2811
cliente 19;REC;SSA;1 dias;4 estrelas;R$ 1033
cliente 13;PMW;POA;4 dias;1 estrelas;R$ 2839
cliente 40;SSA;RIO;2 dias;3 estrelas;R$ 2285
cliente 64;FLN;BEL;5 dias;3 estrelas;R$ 3712
cliente 57;BEL;FOR;1 dias;5 estrelas;R$ 2466
cliente 75;POA;REC;2 dias;1 estrelas;R$ 5182
cliente 2;RIO;SAO;1 dias;4 estrelas;R$ 3728
cliente 51;BEL;PMW;3 dias;2 estrelas;R$ 3426
cliente 20;PMW;POA;2 dias;3 estrelas;R$ 2366
cliente 39;RIO;BEL;1 dias;5 estrelas;R$ 3181
cliente 80;REC;POA;2 dias;2 estrelas;R$ 3476
cliente 22;POA;FLN;4 dias;2 estrelas;R$ 5596
cliente 39;REC;RIO;1 dias;4 estrelas;R$ 5523
cliente 62;POA;BEL;4 dias;4 estrelas;R$ 1712
cliente 31;SSA;PMW;5 dias;2 estrelas;R$ 2935
cliente 56;REC;BEL;5 dias;1 estrelas;R$ 4417
cliente 71;POA;FLN;1 dias;2 estrelas;R$ 4286
cliente 98;SSA;REC;3 dias;2 estrelas;R$ 5434
cliente 39;FLN;PMW;2 dias;1 estrelas;R$ 1761
cliente 36;RIO;CNF;5 dias;4 estrelas;R$ 3641
cliente 32;RIO;POA;5 dias;4 estrelas;R$ 2206
cliente 24;SSA;CNF;4 dias;3 estrelas;R$ 3461
cliente 84;FOR;SSA;4 dias;3 estrelas;R$ 5594
cliente 25;RIO;FOR;2 dias;2 estrelas;R$ 5051
cliente 66;POA;FOR;4 dias;3 estrelas;R$ 4978
cliente 45;REC;POA;2 dias;5 estrelas;R$ 3890
cliente 17;POA;FOR;4 dias;5 estrelas;R$ 5283
cliente 5;CNF;FLN;4 dias;5 estrelas;R$ 3515
cliente 21;FOR;RIO;2 dias;3 estrelas;R$ 2908
cliente 67;POA;REC;1 dias;3 estrelas;R$ 2979
cliente 9;SSA;FOR;5 dias;3 estrelas;R$ 2451
cliente 12;FLN;BEL;2 dias;3 estrelas;R$ 3287
cliente 43;BEL;SSA;1 dias;1 estrelas;R$ 4446
cliente 56;SSA;PMW;3 dias;1 estrelas;R$ 3332
cliente 6;CNF;POA;4 dias;3 estrelas;R$ 5171
cliente 2;CNF;RIO;3 dias;1 estrelas;R$ 5435
cliente 2;REC;FLN;3 dias;2 estrelas;R$ 3619
cliente 64;SAO;REC;4 dias;2 estrelas;R$ 4710
cliente 44;BEL;CNF;5 dias;5 estrelas;R$ 2766
cliente 69;CNF;POA;4 dias;1 estrelas;R$ 3357
cliente 5;SAO;BEL;2 dias;1 estrelas;R$ 4056
cliente 5;POA;FOR;2 dias;1 estrelas;R$ 2369
cliente 48;CNF;SAO;4 dias;1 estrelas;R$ 5700
cliente 90;POA;FOR;1 dias;3 estrelas;R$ 3706
cliente 81;FLN;POA;4 dias;5 estrelas;R$ 3613
cliente 29;REC;BEL;5 dias;2 estrelas;R$ 2417
cliente 75;BEL;RIO;3 dias;3 estrelas;R$ 4235
cliente 50;POA;SAO;5 dias;4 estrelas;R$ 1018
cliente 47;PMW;SAO;1 dias;3 estrelas;R$ 3004
cliente 31;REC;FOR;3 dias;4 estrelas;R$ 5456
cliente 61;PMW;SSA;5 dias;4 estrelas;R$ 2480
cliente 66;CNF;FLN;5 dias;3 estrelas;R$ 1272
cliente 4;CNF;SAO;5 dias;4 estrelas;R$ 2373
cliente 37;PMW;FLN;2 dias;3 estrelas;R$ 3273
cliente 90;CNF;SSA;4 dias;2 estrelas;R$ 3768
cliente 54;POA;REC;2 dias;3 estrelas;R$ 4275
cliente 65;BEL;FOR;1 dias;1 estrelas;R$ 5942
cliente 42;BEL;SSA;1 dias;4 estrelas;R$ 3265
cliente 38;CNF;POA;3 dias;5 estrelas;R$ 2159
cliente 84;RIO;FLN;5 dias;5 estrelas;R$ 5613
cliente 27;RIO;FLN;3 dias;3 estrelas;R$ 4194
cliente 33;SSA;PMW;2 dias;5 estrelas;R$ 4196
cliente 66;FOR;CNF;4 dias;1 estrelas;R$ 4263
cliente 77;FLN;SSA;4 dias;4 estrelas;R$ 4152
cliente 91;BEL;RIO;5 dias;3 estrelas;R$ 1033
cliente 61;SAO;FLN;3 dias;3 estrelas;R$ 2241
cliente 38;SAO;BEL;2 dias;5 estrelas;R$ 1889
cliente 52;REC;RIO;5 dias;3 estrelas;R$ 2663
cliente 83;RIO;BEL;5 dias;4 estrelas;R$ 5244
cliente 31;SAO;PMW;1 dias;5 estrelas;R$ 5661
cliente 3;FOR;REC;2 dias;4 estrelas;R$ 3270
cliente 78;POA;FOR;3 dias;3 estrelas;R$ 5035
cliente 59;POA;PMW;1 dias;1 estrelas;R$ 3759
cliente 1;SAO;FLN;5 dias;1 estrelas;R$ 3359
cliente 88;SAO;FOR;5 dias;3 estrelas;R$ 1749
cliente 97;FOR;CNF;1 dias;1 estrelas;R$ 1242
cliente 99;FLN;SSA;2 dias;2 estrelas;R$ 4333
cliente 2;CNF;SSA;1 dias;4 estrelas;R$ 1034
cliente 1;CNF;FOR;1 dias;3 estrelas;R$ 3487
cliente 37;REC;CNF;4 dias;5 estrelas;R$ 4050
cliente 59;CNF;RIO;5 dias;5 estrelas;R$ 2334
cliente 8;REC;POA;5 dias;1 estrelas;R$ 4589
cliente 80;POA;CNF;1 dias;3 estrelas;R$ 2448
cliente 66;REC;CNF;1 dias;1 estrelas;R$ 2781
cliente 30;POA;RIO;2 dias;5 estrelas;R$ 1451
cliente 16;BEL;POA;1 dias;2 estrelas;R$ 2930
cliente 3;FLN;CNF;1 dias;3 estrelas;R$ 3694
cliente 10;FLN;POA;4 dias;2 estrelas;R$ 1659
cliente 78;BEL;POA;3 dias;1 estrelas;R$ 1961
cliente 3;PMW;CNF;4 dias;3 estrelas;R$ 5498
cliente 61;SSA;CNF;2 dias;3 estrelas;R$ 3274
cliente 72;CNF;PMW;2 dias;5 estrelas;R$ 1147
cliente 53;SSA;FOR;1 dias;2 estrelas;R$ 4111
cliente 58;SSA;FOR;3 dias;5 estrelas;R$ 4447
cliente 56;SSA;FOR;1 dias;4 estrelas;R$ 1228
cliente 65;SSA;PMW;3 dias;4 estrelas;R$ 1189
cliente 20;FOR;SAO;2 dias;4 estrelas;R$ 1991
cliente 87;PMW;REC;5 dias;1 estrelas;R$ 4131
cliente 69;REC;POA;3 dias;1 estrelas;R$ 5083
cliente 48;POA;RIO;5 dias;5 estrelas;R$ 3057
cliente 23;REC;PMW;2 dias;3 estrelas;R$ 5242
cliente 13;POA;REC;5 dias;3 estrelas;R$ 5714
cliente 32;FOR;PMW;1 dias;3 estrelas;R$ 1509
cliente 41;FOR;CNF;4 dias;5 estrelas;R$ 5912
cliente 24;PMW;SAO;1 dias;5 estrelas;R$ 4123
cliente 67;SAO;PMW;3 dias;2 estrelas;R$ 1539
cliente 15;CNF;RIO;2 dias;1 estrelas;R$ 3600
cliente 55;SSA;RIO;2 dias;5 estrelas;R$ 5348
cliente 98;POA;FLN;4 dias;3 estrelas;R$ 3799
cliente 19;POA;BEL;1 dias;4 estrelas;R$ 4582
cliente 93;RIO;REC;2 dias;2 estrelas;R$ 3077
cliente 32;SAO;REC;3 dias;2 estrelas;R$ 1260
cliente 26;REC;POA;1 dias;5 estrelas;R$ 1751
cliente 19;PMW;BEL;1 dias;2 estrelas;R$ 4222
cliente 73;FOR;PMW;4 dias;1 estrelas;R$ 4370
cliente 25;CNF;POA;3 dias;4 estrelas;R$ 5512
cliente 52;SAO;REC;5 dias;5 estrelas;R$ 1264
cliente 72;FOR;BEL;5 dias;1 estrelas;R$ 5077
cliente 92;FOR;SAO;5 dias;1 estrelas;R$ 3114
cliente 31;SAO;RIO;2 dias;1 estrelas;R$ 1551
cliente 58;PMW;FOR;2 dias;5 estrelas;R$ 5662
cliente 66;RIO;CNF;3 dias;5 estrelas;R$ 3138
cliente 66;PMW;FLN;1 dias;5 estrelas;R$ 1444
cliente 57;FOR;SAO;5 dias;3 estrelas;R$ 3481
cliente 74;FOR;BEL;4 dias;3 estrelas;R$ 1856
cliente 22;FOR;BEL;2 dias;5 estrelas;R$ 3481
cliente 27;SAO;PMW;1 dias;3 estrelas;R$ 5413
cliente 57;BEL;POA;3 dias;4 estrelas;R$ 2818
cliente 39;CNF;FLN;5 dias;3 estrelas;R$ 4332
cliente 89;POA;SAO;3 dias;1 estrelas;R$ 4701
cliente 86;PMW;RIO;2 dias;3 estrelas;R$ 4247
cliente 66;RIO;FLN;5 dias;4 estrelas;R$ 5278
cliente 72;RIO;FOR;4 dias;2 estrelas;R$ 5555
cliente 43;SSA;FLN;2 dias;4 estrelas;R$ 4003
cliente 37;SAO;CNF;1 dias;5 estrelas;R$ 1870
cliente 0;FLN;PMW;3 dias;3 estrelas;R$ 4761
cliente 93;REC;RIO;1 dias;4 estrelas;R$ 5029
cliente 59;RIO;POA;1 dias;4 estrelas;R$ 5324
cliente 59;REC;POA;2 dias;2 estrelas;R$ 2947
cliente 28;REC;POA;2 dias;4 estrelas;R$ 5525
cliente 55;RIO;POA;4 dias;2 estrelas;R$ 4993
cliente 90;FLN;SAO;4 dias;1 estrelas;R$ 3647
cliente 53;CNF;POA;5 dias;3 estrelas;R$ 5747
cliente 46;SSA;POA;5 dias;1 estrelas;R$ 2469
cliente 67;CNF;RIO;3 dias;3 estrelas;R$ 5545
cliente 15;REC;FOR;2 dias;4 estrelas;R$ 2211
cliente 78;POA;CNF;1 dias;1 estrelas;R$ 2691
cliente 47;BEL;PMW;1 dias;1 estrelas;R$ 3164
cliente 10;FLN;CNF;3 dias;3 estrelas;R$ 3765
cliente 22;PMW;POA;5 dias;1 estrelas;R$ 3195
cliente 33;REC;POA;2 dias;3 estrelas;R$ 5803
cliente 37;POA;PMW;2 dias;2 estrelas;R$ 1642
cliente 91;FOR;SSA;4 dias;4 estrelas;R$ 2384
cliente 75;SAO;CNF;3 dias;1 estrelas;R$ 2816
cliente 60;FOR;REC;3 dias;4 estrelas;R$ 5535
cliente 89;FLN;RIO;3 dias;1 estrelas;R$ 5287
cliente 49;CNF;SAO;3 dias;4 estrelas;R$ 3947
cliente 39;CNF;BEL;1 dias;5 estrelas;R$ 1907
cliente 13;SSA;SAO;5 dias;5 estrelas;R$ 3906
cliente 31;FOR;FLN;5 dias;4 estrelas;R$ 2471
cliente 12;SAO;BEL;4 dias;5 estrelas;R$ 4828
cliente 36;FOR;FLN;4 dias;5 estrelas;R$ 1544
cliente 23;FLN;FOR;1 dias;5 estrelas;R$ 3330
cliente 27;SAO;POA;2 dias;5 estrelas;R$ 5125
cliente 16;BEL;CNF;2 dias;1 estrelas;R$ 2058
cliente 32;RIO;CNF;1 dias;2 estrelas;R$ 3405
cliente 28;FOR;CNF;2 dias;3 estrelas;R$ 3727
cliente 37;RIO;POA;2 dias;5 estrelas;R$ 3544
cliente 55;PMW;SAO;5 dias;3 estrelas;R$ 2879
cliente 93;FOR;POA;5 dias;1 estrelas;R$ 1162
cliente 87;FOR;FLN;3 dias;5 estrelas;R$ 5421
cliente 71;REC;PMW;5 dias;2 estrelas;R$ 4257
cliente 13;CNF;PMW;5 dias;3 estrelas;R$ 4077
cliente 64;BEL;PMW;5 dias;4 estrelas;R$ 3882
cliente 35;SAO;REC;3 dias;5 estrelas;R$ 4459
cliente 68;REC;RIO;1 dias;5 estrelas;R$ 4510
cliente 49;PMW;RIO;1 dias;2 estrelas;R$ 1347
cliente 56;POA;FLN;3 dias;1 estrelas;R$ 5613
cliente 86;BEL;FLN;5 dias;1 estrelas;R$ 1480
cliente 84;PMW;BEL;2 dias;3 estrelas;R$ 4743
cliente 89;CNF;BEL;1 dias;2 estrelas;R$ 1116
cliente 40;RIO;FLN;5 dias;2 estrelas;R$ 1865
cliente 63;CNF;SSA;5 dias;4 estrelas;R$ 3704
cliente 42;RIO;FOR;3 dias;3 estrelas;R$ 2607
cliente 12;SAO;FOR;3 dias;5 estrelas;R$ 5877
cliente 99;FOR;SAO;2 dias;5 estrelas;R$ 5131
cliente 75;RIO;SAO;3 dias;4 estrelas;R$ 5184
cliente 48;CNF;FOR;3 dias;2 estrelas;R$ 4837
cliente 40;BEL;REC;3 dias;2 estrelas;R$ 2220
cliente 77;SSA;PMW;5 dias;2 estrelas;R$ 2485
cliente 42;POA;SSA;5 dias;3 estrelas;R$ 3225
cliente 11;CNF;FOR;4 dias;1 estrelas;R$ 4409
cliente 74;PMW;BEL;4 dias;2 estrelas;R$ 3957
cliente 69;FLN;PMW;5 dias;4 estrelas;R$ 1988
cliente 93;RIO;SAO;4 dias;4 estrelas;R$ 4436
cliente 11;FLN;PMW;3 dias;2 estrelas;R$ 3974
cliente 21;SSA;REC;1 dias;2 estrelas;R$ 5158
cliente 2;SAO;REC;4 dias;4 estrelas;R$ 2850
cliente 46;REC;CNF;3 dias;1 estrelas;R$ 1032
cliente 19;REC;FLN;3 dias;1 estrelas;R$ 4039
cliente 35;PMW;SSA;1 dias;1 estrelas;R$ 4128
cliente 67;POA;CNF;1 dias;3 estrelas;R$ 1671
cliente 28;PMW;BEL;4 dias;5 estrelas;R$ 3145
cliente 97;PMW;POA;5 dias;1 estrelas;R$ 5030
cliente 72;PMW;POA;2 dias;3 estrelas;R$ 2108
cliente 91;FOR;CNF;2 dias;2 estrelas;R$ 5842
cliente 7;POA;SAO;5 dias;1 estrelas;R$ 5196
cliente 14;REC;CNF;2 dias;3 estrelas;R$ 3764
cliente 50;SSA;FLN;5 dias;3 estrelas;R$ 5309
cliente 5;BEL;CNF;3 dias;1 estrelas;R$ 5616
cliente 89;FOR;FLN;3 dias;5 estrelas;R$ 4657
cliente 6;POA;FLN;5 dias;5 estrelas;R$ 3839
cliente 31;SAO;CNF;5 dias;5 estrelas;R$ 3639
cliente 39;POA;SSA;5 dias;1 estrelas;R$ 5198
cliente 0;REC;POA;4 dias;4 estrelas;R$ 5289
cliente 87;PMW;REC;3 dias;5 estrelas;R$ 3131
cliente 20;FLN;RIO;3 dias;1 estrelas;R$ 3746
cliente 25;SSA;CNF;2 dias;2 estrelas;R$ 3836
cliente 40;SAO;CNF;4 dias;1 estrelas;R$ 3466
cliente 75;CNF;POA;4 dias;3 estrelas;R$ 5355
cliente 54;POA;RIO;5 dias;2 estrelas;R$ 5302
cliente 60;FOR;POA;2 dias;4 estrelas;R$ 2466
cliente 55;POA;REC;1 dias;2 estrelas;R$ 2928
cliente 20;RIO;SAO;4 dias;5 estrelas;R$ 1967
cliente 64;SAO;REC;5 dias;4 estrelas;R$ 1111
cliente 45;REC;CNF;5 dias;5 estrelas;R$ 1933
cliente 6;SSA;RIO;4 dias;1 estrelas;R$ 4244
cliente 89;FLN;SSA;4 dias;4 estrelas;R$ 1137
cliente 66;BEL;REC;4 dias;3 estrelas;R$ 5096
cliente 64;SSA;RIO;2 dias;3 estrelas;R$ 3680
cliente 81;BEL;REC;1 dias;2 estrelas;R$ 5256
cliente 37;BEL;POA;3 dias;5 estrelas;R$ 5639
cliente 90;CNF;RIO;5 dias;2 estrelas;R$ 4416
cliente 31;CNF;SSA;5 dias;3 estrelas;R$ 1544
cliente 16;REC;FLN;5 dias;5 estrelas;R$ 2448
cliente 30;REC;PMW;3 dias;4 estrelas;R$ 4401
cliente 77;REC;SSA;3 dias;2 estrelas;R$ 4707
cliente 48;REC;RIO;2 dias;5 estrelas;R$ 3988
cliente 12;PMW;SSA;5 dias;4 estrelas;R$ 5285
cliente 64;SAO;FLN;5 dias;4 estrelas;R$ 3813
cliente 2;SSA;FOR;2 dias;3 estrelas;R$ 4945
cliente 78;FOR;REC;1 dias;2 estrelas;R$ 5403
cliente 83;POA;SAO;4 dias;1 estrelas;R$ 1889
cliente 15;POA;FLN;1 dias;1 estrelas;R$ 2560
cliente 4;POA;CNF;3 dias;3 estrelas;R$ 4380
cliente 40;FOR;REC;5 dias;2 estrelas;R$ 5542
cliente 72;REC;FOR;5 dias;2 estrelas;R$ 3332
cliente 11;CNF;PMW;2 dias;2 estrelas;R$ 3069
cliente 2;POA;SSA;4 dias;2 estrelas;R$ 3645
cliente 69;FOR;BEL;3 dias;3 estrelas;R$ 5953
cliente 50;POA;FOR;2 dias;2 estrelas;R$ 2111
cliente 41;PMW;FLN;3 dias;2 estrelas;R$ 2471
cliente 34;POA;REC;1 dias;4 estrelas;R$ 1235
cliente 95;SSA;FOR;5 dias;3 estrelas;R$ 2232
cliente 4;FLN;FOR;5 dias;3 estrelas;R$ 2316
cliente 17;FOR;REC;4 dias;5 estrelas;R$ 5960
cliente 13;FOR;PMW;2 dias;4 estrelas;R$ 4315
cliente 96;SAO;REC;4 dias;5 estrelas;R$ 1067
cliente 79;REC;PMW;1 dias;4 estrelas;R$ 3619
cliente 56;FOR;SAO;1 dias;3 estrelas;R$ 5298
cliente 45;POA;RIO;5 dias;4 estrelas;R$ 2996
cliente 74;RIO;FOR;1 dias;3 estrelas;R$ 2605
cliente 1;SAO;POA;5 dias;4 estrelas;R$ 5565
cliente 54;BEL;SAO;3 dias;4 estrelas;R$ 4815
cliente 21;RIO;PMW;5 dias;2 estrelas;R$ 2390
cliente 30;SAO;REC;1 dias;3 estrelas;R$ 5901
cliente 17;SSA;REC;4 dias;4 estrelas;R$ 1270
cliente 55;BEL;FLN;3 dias;4 estrelas;R$ 3466
cliente 35;CNF;PMW;3 dias;3 estrelas;R$ 3495
cliente 22;SAO;PMW;4 dias;1 estrelas;R$ 5050
cliente 32;SAO;SSA;5 dias;2 estrelas;R$ 5083
cliente 65;SSA;BEL;1 dias;3 estrelas;R$ 1233
cliente 18;CNF;SSA;3 dias;5 estrelas;R$ 1240
cliente 34;CNF;REC;4 dias;2 estrelas;R$ 4533
cliente 35;FLN;PMW;3 dias;1 estrelas;R$ 3631
cliente 62;FOR;SAO;3 dias;2 estrelas;R$ 3770
cliente 62;FLN;POA;3 dias;3 estrelas;R$ 3592
cliente 65;SSA;FOR;3 dias;4 estrelas;R$ 3266
cliente 40;SAO;REC;3 dias;4 estrelas;R$ 4887
cliente 8;SAO;FOR;5 dias;2 estrelas;R$ 5618
cliente 39;REC;SAO;3 dias;3 estrelas;R$ 3563
cliente 54;BEL;FLN;1 dias;2 estrelas;R$ 5183
cliente 44;BEL;CNF;1 dias;4 estrelas;R$ 3530
cliente 66;FOR;SSA;2 dias;4 estrelas;R$ 1720
cliente 62;PMW;FOR;4 dias;4 estrelas;R$ 3241
cliente 32;SAO;FLN;4 dias;4 estrelas;R$ 2966
cliente 49;PMW;FLN;2 dias;4 estrelas;R$ 4530
cliente 5;SAO;SSA;1 dias;1 estrelas;R$ 4239
cliente 77;POA;CNF;3 dias;3 estrelas;R$ 5583
cliente 16;SSA;CNF;1 dias;5 estrelas;R$ 2623
cliente 81;FOR;POA;2 dias;2 estrelas;R$ 3125
cliente 48;POA;SAO;1 dias;2 estrelas;R$ 2743
cliente 19;BEL;SAO;3 dias;5 estrelas;R$ 5342
cliente 32;CNF;POA;4 dias;5 estrelas;R$ 2982
cliente 43;CNF;PMW;5 dias;2 estrelas;R$ 1314
cliente 87;BEL;PMW;3 dias;5 estrelas;R$ 4368
cliente 9;SAO;BEL;5 dias;5 estrelas;R$ 3963
cliente 46;PMW;SAO;1 dias;2 estrelas;R$ 3007
cliente 46;SSA;REC;3 dias;3 estrelas;R$ 3241
cliente 54;FOR;PMW;4 dias;4 estrelas;R$ 1313
cliente 23;FLN;PMW;4 dias;5 estrelas;R$ 3793
cliente 35;POA;FOR;4 dias;4 estrelas;R$ 4264
cliente 43;SAO;FLN;4 dias;4 estrelas;R$ 3336
cliente 17;POA;SAO;4 dias;5 estrelas;R$ 3181
cliente 76;PMW;SAO;3 dias;1 estrelas;R$ 4428
cliente 20;SAO;FOR;3 dias;1 estrelas;R$ 4250
cliente 92;FLN;REC;3 dias;1 estrelas;R$ 5480
cliente 40;PMW;POA;4 dias;2 estrelas;R$ 2434
cliente 61;POA;FLN;4 dias;2 estrelas;R$ 3057
cliente 25;SSA;BEL;3 dias;2 estrelas;R$ 5446
cliente 2;FLN;CNF;5 dias;1 estrelas;R$ 2106
cliente 49;RIO;CNF;1 dias;2 estrelas;R$ 5102
cliente 83;RIO;REC;1 dias;1 estrelas;R$ 3161
cliente 93;PMW;SAO;5 dias;4 estrelas;R$ 2361
cliente 72;POA;RIO;5 dias;1 estrelas;R$ 1044
cliente 54;RIO;CNF;4 dias;2 estrelas;R$ 1458
cliente 54;FLN;SSA;5 dias;2 estrelas;R$ 1692
cliente 63;PMW;FOR;5 dias;5 estrelas;R$ 2008
cliente 23;FOR;BEL;3 dias;2 estrelas;R$ 4940
cliente 44;POA;FOR;2 dias;3 estrelas;R$ 2153
cliente 59;RIO;SAO;1 dias;5 estrelas;R$ 2733
cliente 6;SAO;FOR;1 dias;5 estrelas;R$ 3443
cliente 32;PMW;SSA;3 dias;1 estrelas;R$ 3754
cliente 39;SAO;CNF;4 dias;3 estrelas;R$ 4912
cliente 7;RIO;PMW;4 dias;1 estrelas;R$ 1299
cliente 86;POA;CNF;3 dias;2 estrelas;R$ 1788
cliente 94;POA;REC;2 dias;2 estrelas;R$ 5937
cliente 36;SAO;POA;2 dias;2 estrelas;R$ 5285
cliente 90;PMW;FLN;5 dias;2 estrelas;R$ 1157
cliente 6;BEL;RIO;4 dias;1 estrelas;R$ 1960
cliente 62;POA;FLN;1 dias;5 estrelas;R$ 3413
cliente 18;REC;BEL;1 dias;2 estrelas;R$ 3923
cliente 61;REC;FOR;2 dias;3 estrelas;R$ 2580
cliente 55;RIO;FOR;2 dias;4 estrelas;R$ 3888
cliente 82;RIO;FLN;5 dias;2 estrelas;R$ 1747
cliente 21;FOR;SSA;3 dias;3 estrelas;R$ 1551
cliente 83;PMW;FLN;3 dias;2 estrelas;R$ 4159
cliente 29;REC;RIO;4 dias;2 estrelas;R$ 2872
cliente 12;CNF;PMW;1 dias;2 estrelas;R$ 2651
cliente 52;POA;FOR;2 dias;3 estrelas;R$ 5133
cliente 89;FLN;POA;4 dias;2 estrelas;R$ 2967
cliente 44;SSA;PMW;3 dias;4 estrelas;R$ 4596
cliente 62;PMW;SAO;2 dias;4 estrelas;R$ 3527
cliente 26;FOR;RIO;1 dias;3 estrelas;R$ 3469
cliente 44;SSA;PMW;3 dias;4 estrelas;R$ 1021
cliente 11;FLN;RIO;4 dias;5 estrelas;R$ 3552
cliente 55;BEL;PMW;3 dias;5 estrelas;R$ 5661
cliente 1;CNF;RIO;4 dias;2 estrelas;R$ 4068
cliente 37;REC;SSA;4 dias;2 estrelas;R$ 3883
cliente 83;CNF;BEL;3 dias;4 estrelas;R$ 5440
cliente 73;REC;RIO;2 dias;1 estrelas;R$ 1586
cliente 87;BEL;SSA;2 dias;3 estrelas;R$ 1398
cliente 20;BEL;POA;5 dias;1 estrelas;R$ 2437
cliente 76;POA;FLN;1 dias;1 estrelas;R$ 1709
cliente 18;RIO;SSA;1 dias;1 estrelas;R$ 3537
cliente 78;CNF;SSA;3 dias;2 estrelas;R$ 5842
cliente 3;CNF;SAO;4 dias;1 estrelas;R$ 4361
cliente 37;SAO;SSA;5 dias;5 estrelas;R$ 3871
cliente 84;RIO;SSA;1 dias;5 estrelas;R$ 2539
cliente 2;RIO;CNF;4 dias;1 estrelas;R$ 1468
cliente 22;SSA;FOR;3 dias;2 estrelas;R$ 3756
cliente 26;SAO;PMW;3 dias;1 estrelas;R$ 1942
cliente 30;SSA;POA;5 dias;3 estrelas;R$ 4325
cliente 30;POA;SSA;4 dias;3 estrelas;R$ 1043
cliente 13;RIO;POA;3 dias;5 estrelas;R$ 3401
cliente 6;SSA;REC;2 dias;3 estrelas;R$ 2560
cliente 75;CNF;SAO;3 dias;5 estrelas;R$ 1212
cliente 80;REC;BEL;4 dias;1 estrelas;R$ 4804
cliente 2;FOR;RIO;4 dias;5 estrelas;R$ 5226
cliente 23;CNF;PMW;3 dias;2 estrelas;R$ 2581
cliente 7;CNF;POA;2 dias;5 estrelas;R$ 2062
cliente 16;BEL;PMW;4 dias;4 estrelas;R$ 5524
cliente 67;BEL;SSA;1 dias;2 estrelas;R$ 2623
cliente 72;FOR;SSA;2 dias;3 estrelas;R$ 1121
cliente 81;PMW;SSA;1 dias;5 estrelas;R$ 3072
cliente 87;BEL;FLN;4 dias;2 estrelas;R$ 4523
cliente 44;POA;BEL;1 dias;4 estrelas;R$ 3325
cliente 93;FOR;FLN;4 dias;2 estrelas;R$ 5428
cliente 17;SAO;SSA;4 dias;2 estrelas;R$ 5866
cliente 7;SAO;POA;3 dias;5 estrelas;R$ 1738
cliente 89;FLN;SSA;4 dias;5 estrelas;R$ 3677
cliente 98;POA;FLN;3 dias;4 estrelas;R$ 4682
cliente 31;REC;POA;4 dias;5 estrelas;R$ 3164
cliente 13;FOR;FLN;1 dias;5 estrelas;R$ 4581
cliente 66;RIO;SSA;4 dias;3 estrelas;R$ 4337
cliente 61;PMW;SSA;4 dias;3 estrelas;R$ 1661
cliente 82;FOR;RIO;2 dias;2 estrelas;R$ 1777
cliente 50;FLN;SSA;1 dias;3 estrelas;R$ 4745
cliente 34;FLN;CNF;2 dias;2 estrelas;R$ 5491
cliente 49;PMW;RIO;3 dias;2 estrelas;R$ 1004
cliente 30;PMW;RIO;5 dias;2 estrelas;R$ 3837
cliente 97;FOR;POA;5 dias;5 estrelas;R$ 1709
cliente 23;RIO;PMW;4 dias;1 estrelas;R$ 1625
cliente 11;CNF;SAO;5 dias;1 estrelas;R$ 3240
cliente 36;SSA;REC;2 dias;5 estrelas;R$ 2311
cliente 82;FOR;REC;5 dias;5 estrelas;R$ 2946
cliente 67;CNF;FOR;2 dias;4 estrelas;R$ 3396
cliente 36;POA;CNF;5 dias;1 estrelas;R$ 1266
cliente 41;SSA;SAO;5 dias;5 estrelas;R$ 5032
cliente 86;CNF;POA;4 dias;3 estrelas;R$ 1941
cliente 1;REC;SSA;5 dias;4 estrelas;R$ 4555
cliente 90;REC;POA;3 dias;1 estrelas;R$ 2252
cliente 34;SSA;FOR;2 dias;1 estrelas;R$ 1284
cliente 81;FOR;FLN;2 dias;1 estrelas;R$ 4570
cliente 85;SAO;POA;1 dias;2 estrelas;R$ 2647
cliente 84;FLN;SSA;4 dias;1 estrelas;R$ 2442
cliente 95;BEL;FLN;5 dias;4 estrelas;R$ 5663
cliente 11;BEL;CNF;1 dias;3 estrelas;R$ 1624
cliente 40;RIO;POA;2 dias;1 estrelas;R$ 4882
cliente 57;FOR;FLN;4 dias;2 estrelas;R$ 4610
cliente 60;FLN;RIO;2 dias;1 estrelas;R$ 4043
cliente 43;BEL;PMW;3 dias;4 estrelas;R$ 1482
cliente 4;CNF;PMW;1 dias;5 estrelas;R$ 5207
cliente 96;SAO;PMW;5 dias;5 estrelas;R$ 4136
cliente 69;SSA;SAO;2 dias;4 estrelas;R$ 1996
cliente 47;REC;PMW;3 dias;1 estrelas;R$ 2781
cliente 2;FOR;POA;4 dias;4 estrelas;R$ 5959
cliente 40;CNF;BEL;1 dias;5 estrelas;R$ 2783
cliente 32;SAO;BEL;5 dias;2 estrelas;R$ 3570
cliente 27;FOR;SAO;4 dias;3 estrelas;R$ 1562
cliente 81;FOR;SSA;2 dias;2 estrelas;R$ 2793
cliente 96;PMW;SSA;3 dias;3 estrelas;R$ 5753
cliente 97;SSA;POA;4 dias;4 estrelas;R$ 5802
cliente 73;SSA;POA;2 dias;2 estrelas;R$ 3042
cliente 89;RIO;PMW;3 dias;2 estrelas;R$ 3988
cliente 75;REC;PMW;4 dias;5 estrelas;R$ 3224
cliente 44;FOR;SAO;3 dias;2 estrelas;R$ 5544
cliente 86;PMW;SAO;5 dias;3 estrelas;R$ 4714
cliente 35;FLN;REC;5 dias;2 estrelas;R$ 2204
cliente 52;PMW;RIO;2 dias;3 estrelas;R$ 1522
cliente 68;BEL;REC;5 dias;2 estrelas;R$ 3311
cliente 76;BEL;PMW;1 dias;4 estrelas;R$ 3841
cliente 98;FOR;REC;1 dias;1 estrelas;R$ 3108
cliente 53;SAO;FLN;5 dias;5 estrelas;R$ 4281
cliente 97;SSA;PMW;2 dias;3 estrelas;R$ 5068
cliente 92;SAO;POA;3 dias;3 estrelas;R$ 1373
cliente 82;RIO;FOR;5 dias;2 estrelas;R$ 4996
cliente 99;RIO;CNF;1 dias;4 estrelas;R$ 1428
cliente 88;BEL;SSA;2 dias;5 estrelas;R$ 4083
cliente 77;FOR;SSA;3 dias;2 estrelas;R$ 1997
cliente 30;POA;FLN;2 dias;3 estrelas;R$ 1033
cliente 47;REC;CNF;5 dias;3 estrelas;R$ 1345
cliente 18;POA;PMW;2 dias;5 estrelas;R$ 1307
cliente 20;SAO;FOR;4 dias;4 estrelas;R$ 3562
cliente 38;SSA;RIO;1 dias;1 estrelas;R$ 4303
cliente 87;SAO;PMW;3 dias;1 estrelas;R$ 3539
cliente 32;FOR;BEL;1 dias;1 estrelas;R$ 2426
cliente 94;SAO;FLN;2 dias;1 estrelas;R$ 1555
cliente 94;SSA;REC;4 dias;2 estrelas;R$ 2186
cliente 75;FLN;FOR;4 dias;5 estrelas;R$ 2081
cliente 79;BEL;POA;5 dias;2 estrelas;R$ 3332
cliente 10;POA;REC;1 dias;1 estrelas;R$ 1280
cliente 7;FOR;FLN;3 dias;5 estrelas;R$ 1892
cliente 10;POA;FLN;1 dias;4 estrelas;R$ 1466
cliente 74;REC;CNF;1 dias;2 estrelas;R$ 3576
cliente 82;FOR;PMW;4 dias;5 estrelas;R$ 4350
cliente 1;BEL;SSA;2 dias;5 estrelas;R$ 4762
cliente 63;CNF;BEL;2 dias;3 estrelas;R$ 1562
cliente 24;SSA;CNF;2 dias;4 estrelas;R$ 2259
cliente 93;PMW;RIO;5 dias;4 estrelas;R$ 5104
cliente 64;PMW;RIO;3 dias;2 estrelas;R$ 2652
cliente 95;SAO;REC;4 dias;5 estrelas;R$ 5321
cliente 11;FLN;CNF;5 dias;2 estrelas;R$ 3476
cliente 81;PMW;CNF;3 dias;3 estrelas;R$ 5961
cliente 49;RIO;PMW;3 dias;2 estrelas;R$ 2117
cliente 42;SAO;BEL;2 dias;4 estrelas;R$ 1017
cliente 61;SSA;SAO;3 dias;3 estrelas;R$ 4984
cliente 93;FOR;REC;4 dias;4 estrelas;R$ 4810
cliente 47;CNF;POA;4 dias;2 estrelas;R$ 3400
cliente 33;REC;FLN;1 dias;4 estrelas;R$ 5739
cliente 33;REC;POA;2 dias;3 estrelas;R$ 5583
cliente 67;POA;SSA;4 dias;2 estrelas;R$ 5732
cliente 1;CNF;SAO;1 dias;2 estrelas;R$ 2891
cliente 53;RIO;BEL;1 dias;4 estrelas;R$ 1626
cliente 6;POA;SAO;1 dias;1 estrelas;R$ 5269
cliente 47;SSA;PMW;3 dias;1 estrelas;R$ 3951
cliente 17;RIO;FOR;4 dias;4 estrelas;R$ 5354
cliente 66;REC;FLN;1 dias;4 estrelas;R$ 4011
cliente 83;FOR;RIO;4 dias;1 estrelas;R$ 2634
cliente 42;REC;SAO;2 dias;4 estrelas;R$ 5292
cliente 8;PMW;FOR;1 dias;1 estrelas;R$ 3264
cliente 12;RIO;SSA;1 dias;2 estrelas;R$ 2981
cliente 87;BEL;RIO;3 dias;1 estrelas;R$ 4434
cliente 71;SSA;FLN;1 dias;5 estrelas;R$ 4126
cliente 53;CNF;FLN;1 dias;5 estrelas;R$ 5828
cliente 66;SAO;POA;3 dias;2 estrelas;R$ 3444
cliente 54;POA;BEL;3 dias;2 estrelas;R$ 1648
cliente 53;POA;SAO;3 dias;2 estrelas;R$ 4368
cliente 75;SSA;RIO;2 dias;4 estrelas;R$ 4704
cliente 86;POA;SSA;4 dias;2 estrelas;R$ 2434
cliente 79;SAO;FOR;1 dias;4 estrelas;R$ 3222
cliente 88;BEL;SAO;4 dias;5 estrelas;R$ 2920
cliente 84;CNF;SAO;4 dias;1 estrelas;R$ 3799
cliente 40;PMW;FLN;4 dias;4 estrelas;R$ 4443
cliente 16;RIO;BEL;4 dias;5 estrelas;R$ 3358
cliente 94;RIO;REC;5 dias;3 estrelas;R$ 2084
cliente 50;CNF;SSA;2 dias;2 estrelas;R$ 1466
cliente 63;SAO;BEL;3 dias;3 estrelas;R$ 3681
cliente 1;FOR;REC;3 dias;4 estrelas;R$ 2003
cliente 3;POA;FOR;3 dias;5 estrelas;R$ 2135
cliente 34;REC;FLN;1 dias;2 estrelas;R$ 1605
cliente 6;SSA;POA;2 dias;2 estrelas;R$ 2644
cliente 55;BEL;POA;5 dias;4 estrelas;R$ 2036
cliente 23;SAO;BEL;3 dias;3 estrelas;R$ 5030
cliente 84;SSA;FLN;5 dias;2 estrelas;R$ 2378
cliente 2;RIO;REC;1 dias;2 estrelas;R$ 4391
cliente 16;FLN;FOR;3 dias;2 estrelas;R$ 2770
cliente 3;PMW;FOR;2 dias;1 estrelas;R$ 3019
cliente 51;REC;PMW;3 dias;5 estrelas;R$ 3777
cliente 63;FLN;REC;3 dias;2 estrelas;R$ 4082
cliente 68;CNF;FLN;5 dias;3 estrelas;R$ 4735
cliente 82;FOR;SAO;4 dias;2 estrelas;R$ 2038
cliente 11;BEL;FLN;4 dias;1 estrelas;R$ 4164
cliente 30;POA;BEL;4 dias;5 estrelas;R$ 5414
cliente 67;BEL;REC;3 dias;3 estrelas;R$ 3758
cliente 68;REC;FOR;2 dias;2 estrelas;R$ 1576
cliente 23;FOR;FLN;4 dias;1 estrelas;R$ 5823
cliente 17;REC;FOR;1 dias;2 estrelas;R$ 2213
cliente 95;SAO;POA;5 dias;4 estrelas;R$ 4923
cliente 77;SAO;POA;3 dias;2 estrelas;R$ 5725
cliente 37;POA;REC;1 dias;2 estrelas;R$ 4728
cliente 79;REC;FLN;2 dias;1 estrelas;R$ 3995
cliente 61;CNF;SAO;1 dias;4 estrelas;R$ 2391
cliente 41;CNF;FOR;1 dias;2 estrelas;R$ 2283
cliente 62;FOR;BEL;1 dias;1 estrelas;R$ 5512
cliente 20;FOR;SAO;2 dias;5 estrelas;R$ 4784
cliente 39;FOR;BEL;1 dias;5 estrelas;R$ 3050
cliente 15;SSA;RIO;1 dias;4 estrelas;R$ 5890
cliente 51;SSA;SAO;3 dias;1 estrelas;R$ 3128
cliente 14;CNF;REC;4 dias;3 estrelas;R$ 4475
cliente 10;SAO;POA;1 dias;2 estrelas;R$ 2728
cliente 1;PMW;FLN;4 dias;4 estrelas;R$ 3523
cliente 44;RIO;BEL;1 dias;1 estrelas;R$ 1990
cliente 99;SSA;FOR;5 dias;2 estrelas;R$ 2665
cliente 3;SSA;SAO;2 dias;3 estrelas;R$ 5134
cliente 49;FOR;RIO;4 dias;2 estrelas;R$ 4025
cliente 62;FLN;RIO;3 dias;1 estrelas;R$ 1294
cliente 8;FOR;PMW;2 dias;5 estrelas;R$ 4933
cliente 17;POA;CNF;5 dias;2 estrelas;R$ 1474
cliente 81;FLN;RIO;4 dias;2 estrelas;R$ 2675
cliente 1;FOR;SAO;1 dias;4 estrelas;R$ 4578
cliente 23;POA;SAO;3 dias;2 estrelas;R$ 4862
cliente 8;RIO;SAO;5 dias;5 estrelas;R$ 3143
cliente 98;SAO;PMW;3 dias;4 estrelas;R$ 5344
cliente 97;FOR;BEL;5 dias;4 estrelas;R$ 1211
cliente 94;RIO;REC;1 dias;1 estrelas;R$ 5197
cliente 78;FLN;RIO;5 dias;4 estrelas;R$ 3454
cliente 15;SAO;FLN;2 dias;2 estrelas;R$ 4194
cliente 75;SSA;BEL;4 dias;1 estrelas;R$ 2566
cliente 89;BEL;FOR;2 dias;4 estrelas;R$ 3996
cliente 1;PMW;RIO;4 dias;4 estrelas;R$ 1431
cliente 45;FOR;CNF;3 dias;5 estrelas;R$ 1541
cliente 95;FOR;BEL;4 dias;3 estrelas;R$ 4872
cliente 44;FOR;PMW;1 dias;5 estrelas;R$ 5321
cliente 13;POA;PMW;3 dias;3 estrelas;R$ 1791
cliente 59;REC;FOR;3 dias;5 estrelas;R$ 1950
cliente 87;RIO;REC;2 dias;1 estrelas;R$ 2683
cliente 35;SSA;FLN;4 dias;5 estrelas;R$ 3289
cliente 72;BEL;PMW;4 dias;4 estrelas;R$ 1680
cliente 6;SAO;POA;4 dias;3 estrelas;R$ 3869
cliente 33;FLN;SSA;4 dias;3 estrelas;R$ 5088
cliente 44;FOR;SSA;4 dias;3 estrelas;R$ 2918
cliente 92;POA;RIO;1 dias;4 estrelas;R$ 1620
cliente 45;CNF;FLN;2 dias;4 estrelas;R$ 5196
cliente 85;FOR;BEL;3 dias;4 estrelas;R$ 4693
cliente 7;BEL;PMW;2 dias;5 estrelas;R$ 1023
cliente 87;POA;BEL;3 dias;3 estrelas;R$ 1963
cliente 88;SAO;POA;3 dias;2 estrelas;R$ 4715
cliente 89;BEL;REC;3 dias;4 estrelas;R$ 4823
cliente 28;REC;FOR;2 dias;5 estrelas;R$ 5794
cliente 9;PMW;RIO;5 dias;1 estrelas;R$ 5800
cliente 57;PMW;POA;3 dias;1 estrelas;R$ 2460
cliente 19;POA;FLN;2 dias;4 estrelas;R$ 1998
cliente 57;SSA;SAO;1 dias;1 estrelas;R$ 5699
cliente 77;BEL;REC;3 dias;3 estrelas;R$ 1424
cliente 13;SSA;FOR;5 dias;5 estrelas;R$ 5611
cliente 91;FOR;SAO;1 dias;3 estrelas;R$ 2570
cliente 19;PMW;RIO;3 dias;1 estrelas;R$ 2560
cliente 94;SSA;RIO;2 dias;4 estrelas;R$ 1135
cliente 71;FOR;POA;3 dias;1 estrelas;R$ 2232
cliente 34;BEL;RIO;1 dias;4 estrelas;R$ 5386
cliente 19;RIO;FOR;2 dias;4 estrelas;R$ 5645
cliente 24;REC;BEL;1 dias;3 estrelas;R$ 5119
cliente 94;FLN;BEL;4 dias;2 estrelas;R$ 2246
cliente 38;BEL;SSA;3 dias;1 estrelas;R$ 5049
cliente 34;SSA;POA;5 dias;5 estrelas;R$ 2400
cliente 84;SAO;SSA;1 dias;3 estrelas;R$ 5212
cliente 3;POA;RIO;1 dias;4 estrelas;R$ 1687
cliente 55;CNF;PMW;5 dias;4 estrelas;R$ 1039
cliente 25;POA;REC;3 dias;2 estrelas;R$ 2784
cliente 99;POA;BEL;5 dias;5 estrelas;R$ 4379
cliente 42;FLN;POA;3 dias;3 estrelas;R$ 5312
cliente 16;CNF;SSA;5 dias;4 estrelas;R$ 3386
cliente 84;SSA;BEL;5 dias;5 estrelas;R$ 5946
cliente 63;RIO;REC;3 dias;3 estrelas;R$ 5243
cliente 50;FOR;FLN;3 dias;1 estrelas;R$ 3195
cliente 52;SSA;CNF;1 dias;1 estrelas;R$ 4661
cliente 59;CNF;SAO;1 dias;4 estrelas;R$ 4050
cliente 81;CNF;FLN;2 dias;2 estrelas;R$ 2776
cliente 28;PMW;SAO;2 dias;4 estrelas;R$ 2983
cliente 20;PMW;FLN;4 dias;3 estrelas;R$ 1575
cliente 90;SSA;REC;5 dias;5 estrelas;R$ 5081
cliente 92;BEL;CNF;1 dias;1 estrelas;R$ 2611
cliente 69;FLN;PMW;5 dias;1 estrelas;R$ 4920
cliente 13;PMW;BEL;1 dias;2 estrelas;R$ 1120
cliente 71;SSA;BEL;1 dias;3 estrelas;R$ 5401
cliente 46;RIO;BEL;3 dias;2 estrelas;R$ 3515
cliente 71;FOR;RIO;4 dias;4 estrelas;R$ 4772
cliente 93;CNF;FLN;4 dias;2 estrelas;R$ 4663
cliente 65;FOR;POA;5 dias;2 estrelas;R$ 2192
cliente 86;SAO;CNF;5 dias;2 estrelas;R$ 5505
cliente 0;SAO;SSA;4 dias;2 estrelas;R$ 1152
cliente 81;POA;CNF;1 dias;2 estrelas;R$ 5690
cliente 38;FOR;SAO;2 dias;3 estrelas;R$ 2797
cliente 55;RIO;FLN;5 dias;3 estrelas;R$ 2625
cliente 21;RIO;CNF;2 dias;4 estrelas;R$ 2318
cliente 45;SAO;REC;4 dias;1 estrelas;R$ 5046
cliente 61;BEL;FLN;4 dias;3 estrelas;R$ 1842
cliente 92;RIO;SAO;3 dias;5 estrelas;R$ 2938
cliente 9;CNF;FOR;1 dias;5 estrelas;R$ 2888
cliente 39;FLN;FOR;4 dias;4 estrelas;R$ 1696
cliente 60;REC;CNF;2 dias;5 estrelas;R$ 2397
cliente 92;RIO;POA;3 dias;2 estrelas;R$ 3985
cliente 9;REC;SAO;5 dias;2 estrelas;R$ 5734
cliente 39;FOR;BEL;2 dias;3 estrelas;R$ 4000
cliente 10;FOR;PMW;2 dias;5 estrelas;R$ 4574
cliente 29;SSA;BEL;5 dias;3 estrelas;R$ 2456
cliente 14;FOR;RIO;1 dias;2 estrelas;R$ 1885
cliente 13;SAO;SSA;1 dias;1 estrelas;R$ 3635
cliente 2;PMW;CNF;3 dias;3 estrelas;R$ 4953
cliente 48;REC;CNF;2 dias;5 estrelas;R$ 4078
cliente 58;RIO;BEL;5 dias;3 estrelas;R$ 1859
cliente 20;PMW;REC;5 dias;3 estrelas;R$ 3258
cliente 99;REC;PMW;1 dias;4 estrelas;R$ 5935
cliente 34;CNF;FLN;5 dias;4 estrelas;R$ 2964
cliente 85;REC;SSA;3 dias;5 estrelas;R$ 2537
cliente 92;BEL;RIO;1 dias;2 estrelas;R$ 5013
cliente 16;SAO;CNF;3 dias;1 estrelas;R$ 2073
cliente 38;FOR;BEL;4 dias;1 estrelas;R$ 2670
cliente 9;FOR;FLN;1 dias;2 estrelas;R$ 3440
cliente 27;BEL;REC;1 dias;4 estrelas;R$ 4436
cliente 3;PMW;RIO;1 dias;1 estrelas;R$ 5436
cliente 92;REC;BEL;4 dias;1 estrelas;R$ 3619
cliente 69;CNF;SAO;4 dias;1 estrelas;R$ 4634
cliente 33;FOR;POA;4 dias;2 estrelas;R$ 2650
cliente 37;POA;SAO;5 dias;1 estrelas;R$ 4507
cliente 86;PMW;SSA;1 dias;3 estrelas;R$ 2980
cliente 57;PMW;POA;1 dias;3 estrelas;R$ 1415
cliente 49;RIO;FLN;1 dias;2 estrelas;R$ 2174
cliente 16;RIO;SAO;5 dias;4 estrelas;R$ 3879
cliente 98;POA;SAO;5 dias;4 estrelas;R$ 2243
cliente 64;FLN;FOR;3 dias;5 estrelas;R$ 2600
cliente 97;PMW;POA;2 dias;1 estrelas;R$ 4102
cliente 99;PMW;SSA;1 dias;5 estrelas;R$ 2437
cliente 81;CNF;RIO;1 dias;2 estrelas;R$ 2335
cliente 96;CNF;POA;1 dias;3 estrelas;R$ 5092
cliente 37;SSA;REC;2 dias;2 estrelas;R$ 1213
cliente 35;PMW;BEL;2 dias;4 estrelas;R$ 4474
cliente 95;PMW;REC;4 dias;1 estrelas;R$ 3767
cliente 37;CNF;SSA;2 dias;1 estrelas;R$ 1276
cliente 61;BEL;FOR;2 dias;4 estrelas;R$ 4993
cliente 37;CNF;FOR;4 dias;4 estrelas;R$ 4048
cliente 71;SSA;REC;1 dias;1 estrelas;R$ 5076
cliente 10;PMW;FLN;3 dias;1 estrelas;R$ 2793
cliente 58;SSA;FLN;4 dias;2 estrelas;R$ 3343
cliente 12;FOR;SSA;4 dias;4 estrelas;R$ 5527
cliente 58;PMW;REC;5 dias;5 estrelas;R$ 5836
cliente 56;SSA;PMW;5 dias;1 estrelas;R$ 3052
cliente 83;POA;FOR;4 dias;4 estrelas;R$ 3543
cliente 49;REC;PMW;4 dias;1 estrelas;R$ 3202
cliente 1;REC;SSA;4 dias;3 estrelas;R$ 1168
cliente 82;BEL;FOR;3 dias;1 estrelas;R$ 2216
cliente 97;SSA;FOR;5 dias;2 estrelas;R$ 1371
cliente 80;REC;CNF;5 dias;2 estrelas;R$ 1483
cliente 35;BEL;CNF;4 dias;3 estrelas;R$ 4111
cliente 7;SAO;SSA;1 dias;5 estrelas;R$ 3535
cliente 33;SSA;FLN;2 dias;5 estrelas;R$ 4868
cliente 15;PMW;BEL;4 dias;2 estrelas;R$ 1553
cliente 19;FOR;REC;1 dias;4 estrelas;R$ 5959
cliente 30;POA;BEL;2 dias;5 estrelas;R$ 5830
cliente 23;BEL;POA;4 dias;5 estrelas;R$ 3163
cliente 27;CNF;FLN;4 dias;4 estrelas;R$ 4332
cliente 2;FOR;FLN;2 dias;4 estrelas;R$ 5376
cliente 53;FOR;FLN;1 dias;1 estrelas;R$ 2009
cliente 64;REC;SAO;3 dias;5 estrelas;R$ 2362
cliente 73;REC;SAO;4 dias;4 estrelas;R$ 2669
cliente 14;POA;BEL;5 dias;4 estrelas;R$ 4982
cliente 53;PMW;CNF;4 dias;1 estrelas;R$ 2095
cliente 67;BEL;REC;2 dias;4 estrelas;R$ 3108
cliente 44;RIO;FOR;4 dias;1 estrelas;R$ 4638
cliente 40;POA;REC;5 dias;1 estrelas;R$ 2709
cliente 47;PMW;POA;5 dias;3 estrelas;R$ 3141
cliente 77;PMW;CNF;2 dias;4 estrelas;R$ 5202
cliente 76;FLN;SAO;5 dias;4 estrelas;R$ 4477
cliente 86;SAO;POA;3 dias;1 estrelas;R$ 1894
cliente 86;FOR;PMW;5 dias;4 estrelas;R$ 3234
cliente 31;SSA;RIO;3 dias;1 estrelas;R$ 5676
cliente 24;RIO;REC;4 dias;3 estrelas;R$ 1364
cliente 91;BEL;SSA;5 dias;3 estrelas;R$ 3626
cliente 61;SAO;REC;3 dias;3 estrelas;R$ 5509
cliente 80;BEL;PMW;1 dias;5 estrelas;R$ 2024
cliente 16;FLN;PMW;4 dias;2 estrelas;R$ 5578
cliente 31;POA;RIO;3 dias;1 estrelas;R$ 5827
cliente 56;REC;CNF;4 dias;3 estrelas;R$ 3298
cliente 1;POA;SSA;3 dias;3 estrelas;R$ 2627
cliente 15;RIO;PMW;3 dias;2 estrelas;R$ 1015
cliente 72;BEL;RIO;5 dias;2 estrelas;R$ 5055
cliente 93;RIO;SAO;1 dias;2 estrelas;R$ 1796
cliente 69;PMW;CNF;3 dias;3 estrelas;R$ 5813
cliente 48;FLN;SSA;3 dias;1 estrelas;R$ 1519
cliente 61;FOR;FLN;1 dias;5 estrelas;R$ 5127
cliente 62;SSA;PMW;3 dias;5 estrelas;R$ 2048
cliente 86;SAO;REC;3 dias;5 estrelas;R$ 2855
cliente 69;PMW;SAO;2 dias;2 estrelas;R$ 2618
cliente 21;FOR;PMW;5 dias;5 estrelas;R$ 1570
cliente 82;PMW;CNF;5 dias;3 estrelas;R$ 2599
cliente 78;RIO;PMW;2 dias;3 estrelas;R$ 2622
cliente 89;SSA;RIO;3 dias;4 estrelas;R$ 5806
cliente 56;RIO;REC;2 dias;2 estrelas;R$ 3610
cliente 43;SAO;SSA;2 dias;5 estrelas;R$ 1038
cliente 51;RIO;PMW;4 dias;5 estrelas;R$ 3989
cliente 39;REC;POA;3 dias;3 estrelas;R$ 5983
cliente 86;FLN;POA;4 dias;5 estrelas;R$ 1606
cliente 90;RIO;PMW;2 dias;1 estrelas;R$ 1301
cliente 11;SAO;PMW;1 dias;1 estrelas;R$ 5552
cliente 61;RIO;POA;4 dias;3 estrelas;R$ 5973
cliente 43;POA;PMW;5 dias;5 estrelas;R$ 3854
cliente 98;SSA;CNF;3 dias;2 estrelas;R$ 1491
cliente 36;SAO;SSA;5 dias;5 estrelas;R$ 3681
cliente 69;SSA;SAO;4 dias;5 estrelas;R$ 4506
cliente 77;REC;RIO;3 dias;4 estrelas;R$ 4418
cliente 15;FLN;SSA;3 dias;1 estrelas;R$ 4823
cliente 40;SSA;PMW;5 dias;5 estrelas;R$ 4909
cliente 7;REC;SSA;4 dias;4 estrelas;R$ 5850
cliente 36;RIO;SAO;4 dias;4 estrelas;R$ 1993
cliente 9;RIO;CNF;5 dias;1 estrelas;R$ 4071
cliente 80;PMW;SSA;3 dias;5 estrelas;R$ 1108
cliente 39;BEL;REC;4 dias;1 estrelas;R$ 5411
cliente 70;BEL;FOR;2 dias;5 estrelas;R$ 5582
cliente 69;FLN;CNF;3 dias;1 estrelas;R$ 3280
cliente 5;SSA;POA;2 dias;2 estrelas;R$ 3941
cliente 7;REC;BEL;1 dias;1 estrelas;R$ 2490
cliente 43;RIO;SAO;5 dias;5 estrelas;R$ 1302
cliente 25;SAO;RIO;1 dias;3 estrelas;R$ 2773
cliente 68;FLN;CNF;5 dias;4 estrelas;R$ 3491
cliente 66;CNF;PMW;1 dias;5 estrelas;R$ 2475
cliente 69;SAO;PMW;1 dias;3 estrelas;R$ 3753
cliente 84;CNF;SSA;5 dias;2 estrelas;R$ 5680
cliente 3;SAO;SSA;2 dias;1 estrelas;R$ 5682
cliente 3;SSA;SAO;4 dias;3 estrelas;R$ 4010
cliente 22;FLN;CNF;4 dias;4 estrelas;R$ 5726
cliente 26;FOR;POA;5 dias;3 estrelas;R$ 2782
cliente 59;RIO;REC;1 dias;3 estrelas;R$ 1291
cliente 25;RIO;PMW;2 dias;5 estrelas;R$ 2565
cliente 61;REC;BEL;1 dias;5 estrelas;R$ 1973
cliente 80;BEL;PMW;4 dias;3 estrelas;R$ 5756
cliente 66;FOR;SAO;5 dias;1 estrelas;R$ 3807
cliente 73;PMW;SAO;1 dias;2 estrelas;R$ 4555
cliente 6;SAO;POA;1 dias;5 estrelas;R$ 1702
cliente 83;SAO;BEL;4 dias;5 estrelas;R$ 5063
cliente 8;REC;FLN;1 dias;1 estrelas;R$ 1991
cliente 0;BEL;RIO;3 dias;3 estrelas;R$ 3804
cliente 84;CNF;BEL;4 dias;1 estrelas;R$ 4285
cliente 3;PMW;CNF;3 dias;5 estrelas;R$ 1985
cliente 15;CNF;BEL;4 dias;3 estrelas;R$ 3028
cliente 75;FLN;FOR;3 dias;2 estrelas;R$ 1691
cliente 28;FOR;BEL;3 dias;5 estrelas;R$ 5957
cliente 2;FLN;BEL;3 dias;1 estrelas;R$ 2596
cliente 56;POA;RIO;1 dias;2 estrelas;R$ 4614
cliente 63;SAO;CNF;5 dias;3 estrelas;R$ 2591
cliente 46;FLN;RIO;5 dias;1 estrelas;R$ 5194
cliente 37;CNF;BEL;4 dias;1 estrelas;R$ 2833
cliente 57;BEL;PMW;2 dias;2 estrelas;R$ 2031
cliente 7;FOR;PMW;4 dias;4 estrelas;R$ 1885
cliente 47;PMW;SSA;5 dias;3 estrelas;R$ 2730
cliente 26;POA;FLN;2 dias;5 estrelas;R$ 2616
cliente 18;POA;SSA;1 dias;3 estrelas;R$ 4039
cliente 29;REC;BEL;2 dias;5 estrelas;R$ 3985
cliente 54;FOR;FLN;1 dias;1 estrelas;R$ 2454
cliente 60;BEL;SSA;4 dias;4 estrelas;R$ 1778
cliente 72;PMW;FLN;5 dias;2 estrelas;R$ 4588
cliente 24;SAO;PMW;3 dias;3 estrelas;R$ 1415
cliente 75;SSA;REC;5 dias;2 estrelas;R$ 2065
cliente 66;BEL;PMW;5 dias;1 estrelas;R$ 1335
cliente 17;FOR;FLN;4 dias;4 estrelas;R$ 1594
cliente 56;RIO;FLN;3 dias;1 estrelas;R$ 5135
cliente 63;RIO;REC;1 dias;5 estrelas;R$ 4614
cliente 34;PMW;CNF;4 dias;1 estrelas;R$ 1739
cliente 40;FLN;RIO;4 dias;5 estrelas;R$ 5258
cliente 19;FOR;REC;5 dias;1 estrelas;R$ 1429
cliente 9;SSA;REC;3 dias;2 estrelas;R$ 2574
cliente 59;RIO;FLN;2 dias;5 estrelas;R$ 1093
cliente 58;POA;FOR;3 dias;5 estrelas;R$ 3859
cliente 90;REC;SSA;3 dias;3 estrelas;R$ 2959
