RIO;Hotel 1;17 vagas;R$ 588;5 estrelas
SSA;Hotel 2;57 vagas;R$ 414;3 estrelas
CNF;Hotel 3;53 vagas;R$ 333;5 estrelas
PMW;Hotel 4;35 vagas;R$ 720;3 estrelas
BEL;Hotel 5;41 vagas;R$ 1167;3 estrelas
FLN;Hotel 6;58 vagas;R$ 1112;4 estrelas
CNF;Hotel 7;51 vagas;R$ 416;2 estrelas
POA;Hotel 8;35 vagas;R$ 565;2 estrelas
FLN;Hotel 9;29 vagas;R$ 408;2 estrelas
CNF;Hotel 10;28 vagas;R$ 400;5 estrelas
FOR;Hotel 11;11 vagas;R$ 273;4 estrelas
SSA;Hotel 12;33 vagas;R$ 964;4 estrelas
BEL;Hotel 13;13 vagas;R$ 1056;5 estrelas
RIO;Hotel 14;36 vagas;R$ 518;5 estrelas
CNF;Hotel 15;17 vagas;R$ 394;5 estrelas
RIO;Hotel 16;28 vagas;R$ 605;3 estrelas
REC;Hotel 17;12 vagas;R$ 1111;5 estrelas
FLN;Hotel 18;54 vagas;R$ 650;4 estrelas
SSA;Hotel 19;47 vagas;R$ 402;1 estrelas
POA;Hotel 20;42 vagas;R$ 441;1 estrelas
FOR;Hotel 21;24 vagas;R$ 599;1 estrelas
SAO;Hotel 22;17 vagas;R$ 654;1 estrelas
SSA;Hotel 23;46 vagas;R$ 291;2 estrelas
FLN;Hotel 24;26 vagas;R$ 1025;1 estrelas
FLN;Hotel 25;51 vagas;R$ 303;2 estrelas
CNF;Hotel 26;36 vagas;R$ 826;1 estrelas
POA;Hotel 27;57 vagas;R$ 925;3 estrelas
BEL;Hotel 28;17 vagas;R$ 1188;3 estrelas
RIO;Hotel 29;15 vagas;R$ 729;2 estrelas
RIO;Hotel 30;52 vagas;R$ 1077;5 estrelas
BEL;Hotel 31;21 vagas;R$ 640;1 estrelas
RIO;Hotel 32;31 vagas;R$ 844;3 estrelas
SAO;Hotel 33;19 vagas;R$ 524;3 estrelas
SAO;Hotel 34;52 vagas;R$ 1050;3 estrelas
SSA;Hotel 35;56 vagas;R$ 213;1 estrelas
CNF;Hotel 36;28 vagas;R$ 809;5 estrelas
SSA;Hotel 37;10 vagas;R$ 505;5 estrelas
FOR;Hotel 38;25 vagas;R$ 631;3 estrelas
RIO;Hotel 39;11 vagas;R$ 228;1 estrelas
SAO;Hotel 40;49 vagas;R$ 787;1 estrelas
REC;Hotel 41;13 vagas;R$ 528;1 estrelas
REC;Hotel 42;53 vagas;R$ 1199;5 estrelas
BEL;Hotel 43;48 vagas;R$ 1038;2 estrelas
REC;Hotel 44;55 vagas;R$ 540;4 estrelas
FOR;Hotel 45;38 vagas;R$ 451;2 estrelas
FOR;Hotel 46;43 vagas;R$ 1152;4 estrelas
RIO;Hotel 47;19 vagas;R$ 708;4 estrelas
SSA;Hotel 48;13 vagas;R$ 491;4 estrelas
SSA;Hotel 49;26 vagas;R$ 969;3 estrelas
FOR;Hotel 50;53 vagas;R$ 716;4 estrelas
SSA;Hotel 51;36 vagas;R$ 605;2 estrelas
CNF;Hotel 52;26 vagas;R$ 720;2 estrelas
SAO;Hotel 53;34 vagas;R$ 683;1 estrelas
BEL;Hotel 54;22 vagas;R$ 628;5 estrelas
CNF;Hotel 55;55 vagas;R$ 618;1 estrelas
PMW;Hotel 56;18 vagas;R$ 1157;5 estrelas
FOR;Hotel 57;40 vagas;R$ 538;5 estrelas
REC;Hotel 58;10 vagas;R$ 1039;4 estrelas
SAO;Hotel 59;43 vagas;R$ 373;3 estrelas
FOR;Hotel 60;10 vagas;R$ 722;1 estrelas
